,Unnamed: 0,baseMean,log2FoldChange,lfcSE,stat,pvalue,padj,entrezgene,uniprot_gn,external_gene_name
447,11669,4032.36834537766,-0.129400464224069,0.186152069443059,20.6367195107832,0.000125240945339108,0.0105458671580353,11669,P47738,Aldh2
448,11669,4032.36834537766,-0.129400464224069,0.186152069443059,20.6367195107832,0.000125240945339108,0.0105458671580353,11669,Q544B1,Aldh2
449,11669,4032.36834537766,-0.129400464224069,0.186152069443059,20.6367195107832,0.000125240945339108,0.0105458671580353,11669,P47738,Aldh2
450,11669,4032.36834537766,-0.129400464224069,0.186152069443059,20.6367195107832,0.000125240945339108,0.0105458671580353,11669,Q544B1,Aldh2
596,11736,5151.8559682004,0.27863075516782204,0.22164840129353303,16.1708143476643,0.0010461096167164198,0.0465212827966992,11736,Q810B6,Ankfy1
628,11766,841.875839431589,0.234509287425065,0.418457388459673,16.5696215597143,0.000866395841577161,0.04058213946529,11766,O88512,Ap1g2
629,11766,841.875839431589,0.234509287425065,0.418457388459673,16.5696215597143,0.000866395841577161,0.04058213946529,11766,O88512,Ap1g2
650,11776,4742.464179187779,-0.490506077960734,0.21933905020687602,20.5711644691908,0.000129225865959578,0.0106047914641068,11776,O54774,Ap3d1
844,11852,3313.3196705732103,0.29408124447711403,0.213623549569579,19.956973325503398,0.000173263414265032,0.012879247127033998,11852,Q4FJM5,Rhob
845,11852,3313.3196705732103,0.29408124447711403,0.213623549569579,19.956973325503398,0.000173263414265032,0.012879247127033998,11852,P62746,Rhob
1068,11982,118.704073880135,0.368424225911741,2.58462904108716,33.0634744429896,3.1228947020584805e-07,7.8133302082234e-05,11982,O54827,Atp10a
1069,11982,118.704073880135,0.368424225911741,2.58462904108716,33.0634744429896,3.1228947020584805e-07,7.8133302082234e-05,11982,Q3V1Y7,Atp10a
1133,12010,91531.9959638919,0.0019081591282260899,0.17326292550643202,36.1382883243102,7.00081477201403e-08,2.17619266458545e-05,12010,P01887,B2m
1406,12273,9056.28621490983,-0.129661375531578,0.235366876330863,15.9593831088401,0.00115593565365113,0.0498217980468624,12273,P30993,C5ar1
1407,12273,9056.28621490983,-0.129661375531578,0.235366876330863,15.9593831088401,0.00115593565365113,0.0498217980468624,12273,P30993,C5ar1
1411,12282,5539.621123981071,-0.3874178618112029,0.234151767476656,17.9280743814191,0.000455131479070278,0.0274631688958995,12282,Q9JKR6,Hyou1
1632,12345,8387.832084454309,0.673327839605444,0.17868797827739202,19.1635522825723,0.00025291421512514797,0.0175296893159038,12345,P47757,Capzb
1633,12345,8387.832084454309,0.673327839605444,0.17868797827739202,19.1635522825723,0.00025291421512514797,0.0175296893159038,12345,A2AMW0,Capzb
1634,12345,8387.832084454309,0.673327839605444,0.17868797827739202,19.1635522825723,0.00025291421512514797,0.0175296893159038,12345,Q923G3,Capzb
1635,12345,8387.832084454309,0.673327839605444,0.17868797827739202,19.1635522825723,0.00025291421512514797,0.0175296893159038,12345,P47757,Capzb
1636,12345,8387.832084454309,0.673327839605444,0.17868797827739202,19.1635522825723,0.00025291421512514797,0.0175296893159038,12345,A2AMW0,Capzb
1637,12345,8387.832084454309,0.673327839605444,0.17868797827739202,19.1635522825723,0.00025291421512514797,0.0175296893159038,12345,Q923G3,Capzb
1638,12345,8387.832084454309,0.673327839605444,0.17868797827739202,19.1635522825723,0.00025291421512514797,0.0175296893159038,12345,P47757,Capzb
1639,12345,8387.832084454309,0.673327839605444,0.17868797827739202,19.1635522825723,0.00025291421512514797,0.0175296893159038,12345,A2AMW0,Capzb
1640,12345,8387.832084454309,0.673327839605444,0.17868797827739202,19.1635522825723,0.00025291421512514797,0.0175296893159038,12345,Q923G3,Capzb
1883,12450,2429.80255617161,0.35549354044079995,0.29271784149317204,18.3620454219933,0.000370339349798571,0.0235959071443089,12450,P51945,Ccng1
1884,12450,2429.80255617161,0.35549354044079995,0.29271784149317204,18.3620454219933,0.000370339349798571,0.0235959071443089,12450,Q5NC86,Ccng1
2033,12508,34187.9956137318,0.15106428485107298,0.096976437626605,22.9782579084136,4.08066119138019e-05,0.00459993653859098,12508,Q61451,Cd53
2034,12508,34187.9956137318,0.15106428485107298,0.096976437626605,22.9782579084136,4.08066119138019e-05,0.00459993653859098,12508,Q3U0W1,Cd53
2592,12862,1141.12383353877,0.49475452555888794,0.34754685841405897,16.802687429465,0.000775941411220396,0.0383344492470406,12862,P43023,Cox6a2
2969,13032,6793.420088471279,-0.00808771583766932,0.185199108766469,32.2560060910848,4.62199986964865e-07,0.00011026156898338601,13032,P97821,Ctsc
2970,13032,6793.420088471279,-0.00808771583766932,0.185199108766469,32.2560060910848,4.62199986964865e-07,0.00011026156898338601,13032,Q3UBY5,Ctsc
2971,13032,6793.420088471279,-0.00808771583766932,0.185199108766469,32.2560060910848,4.62199986964865e-07,0.00011026156898338601,13032,Q3U7T5,Ctsc
2972,13032,6793.420088471279,-0.00808771583766932,0.185199108766469,32.2560060910848,4.62199986964865e-07,0.00011026156898338601,13032,P97821,Ctsc
2973,13032,6793.420088471279,-0.00808771583766932,0.185199108766469,32.2560060910848,4.62199986964865e-07,0.00011026156898338601,13032,Q3UBY5,Ctsc
2974,13032,6793.420088471279,-0.00808771583766932,0.185199108766469,32.2560060910848,4.62199986964865e-07,0.00011026156898338601,13032,Q3U7T5,Ctsc
2975,13033,399243.29269608104,0.126122742282756,0.181378914032049,18.7740062709736,0.00030444686212100603,0.0205461573134032,13033,P18242,Ctsd
2976,13033,399243.29269608104,0.126122742282756,0.181378914032049,18.7740062709736,0.00030444686212100603,0.0205461573134032,13033,Q3UCD9,Ctsd
3020,13058,3923.2539643083396,-0.35563119860847203,0.285646381928045,51.797037849937496,3.30874179786587e-11,1.78637228223727e-08,13058,Q61093,Cybb
3021,13058,3923.2539643083396,-0.35563119860847203,0.285646381928045,51.797037849937496,3.30874179786587e-11,1.78637228223727e-08,13058,Q3U6G0,Cybb
4176,14057,1010.7170618320099,-0.9071068837154169,0.49203925055342496,19.2460485401324,0.000243168644174512,0.0169688704213751,14057,Q99JR1,Sfxn1
4186,14062,245.98312561349,0.33310931266507504,0.989701740908162,30.370031764586603,1.15357726389967e-06,0.000223271614586469,14062,P30558,F2r
4316,14129,2892.5162457180104,0.873378487097628,0.250749045437248,60.466849930114,4.67198261134882e-13,3.19501317514775e-10,14129,P26151,Fcgr1
5162,14702,4203.6013823720705,0.0941721338003339,0.16341266461735002,20.875420000196897,0.000111737488621998,0.0101266149199446,14702,P63213,Gng2
5163,14702,4203.6013823720705,0.0941721338003339,0.16341266461735002,20.875420000196897,0.000111737488621998,0.0101266149199446,14702,P63213,Gng2
5164,14702,4203.6013823720705,0.0941721338003339,0.16341266461735002,20.875420000196897,0.000111737488621998,0.0101266149199446,14702,P63213,Gng2
5165,14702,4203.6013823720705,0.0941721338003339,0.16341266461735002,20.875420000196897,0.000111737488621998,0.0101266149199446,14702,P63213,Gng2
5166,14702,4203.6013823720705,0.0941721338003339,0.16341266461735002,20.875420000196897,0.000111737488621998,0.0101266149199446,14702,P63213,Gng2
5167,14702,4203.6013823720705,0.0941721338003339,0.16341266461735002,20.875420000196897,0.000111737488621998,0.0101266149199446,14702,P63213,Gng2
5222,14727,85155.1932022195,-0.0481406163388085,0.10967440085529,21.193381072628103,9.59759065442783e-05,0.00886955720118205,14727,Q61450,Lilr4b
5223,14727,85155.1932022195,-0.0481406163388085,0.10967440085529,21.193381072628103,9.59759065442783e-05,0.00886955720118205,14727,A0A1W2P7F3,Lilr4b
5224,14727,85155.1932022195,-0.0481406163388085,0.10967440085529,21.193381072628103,9.59759065442783e-05,0.00886955720118205,14727,Q549E3,Lilr4b
5225,14727,85155.1932022195,-0.0481406163388085,0.10967440085529,21.193381072628103,9.59759065442783e-05,0.00886955720118205,14727,Q61450,Lilr4b
5226,14727,85155.1932022195,-0.0481406163388085,0.10967440085529,21.193381072628103,9.59759065442783e-05,0.00886955720118205,14727,A0A1W2P7F3,Lilr4b
5227,14727,85155.1932022195,-0.0481406163388085,0.10967440085529,21.193381072628103,9.59759065442783e-05,0.00886955720118205,14727,Q549E3,Lilr4b
5228,14727,85155.1932022195,-0.0481406163388085,0.10967440085529,21.193381072628103,9.59759065442783e-05,0.00886955720118205,14727,Q61450,Lilr4b
5229,14727,85155.1932022195,-0.0481406163388085,0.10967440085529,21.193381072628103,9.59759065442783e-05,0.00886955720118205,14727,A0A1W2P7F3,Lilr4b
5230,14727,85155.1932022195,-0.0481406163388085,0.10967440085529,21.193381072628103,9.59759065442783e-05,0.00886955720118205,14727,Q549E3,Lilr4b
5405,14825,7896.1451442732705,-0.72751003899259,0.222551700321093,92.5956333510499,6.066881565154299e-20,1.03723451825588e-16,14825,P12850,Cxcl1
5406,14825,7896.1451442732705,-0.72751003899259,0.222551700321093,92.5956333510499,6.066881565154299e-20,1.03723451825588e-16,14825,A2RTH0,Cxcl1
5572,15015,2116.01199995036,-0.6247106492564319,0.325644343944,33.8366525267916,2.1449003025554602e-07,5.77403595347417e-05,15015,Q8HWB2,H2-Q4
5573,15018,1357.28591439469,0.27784736806763394,0.546020636862793,17.282796985370098,0.0006181250176999821,0.0344187899473214,15018,P14429,H2-Q7
5574,15018,1357.28591439469,0.27784736806763394,0.546020636862793,17.282796985370098,0.0006181250176999821,0.0344187899473214,15018,P14429,H2-Q7
5575,15018,1357.28591439469,0.27784736806763394,0.546020636862793,17.282796985370098,0.0006181250176999821,0.0344187899473214,15018,P14429,H2-Q7
5576,15018,1357.28591439469,0.27784736806763394,0.546020636862793,17.282796985370098,0.0006181250176999821,0.0344187899473214,15018,P14429,H2-Q7
5580,15040,11855.984585414399,-0.15465946749513199,0.42165539757105003,20.440404908578998,0.000137555324399066,0.0109299393610443,15040,P06339,H2-T23
5581,15040,11855.984585414399,-0.15465946749513199,0.42165539757105003,20.440404908578998,0.000137555324399066,0.0109299393610443,15040,Q3V014,H2-T23
5582,15042,670.24941164318,0.00163083071233376,0.622272526701676,22.1190215936829,6.161510887494611e-05,0.00644946721264487,15042,,H2-T24
5730,15275,2124.5516810682398,0.153229862753199,0.285763663204161,18.213943032276898,0.00039734506960898303,0.0250059246874169,15275,B4YB29,Hk1
5731,15275,2124.5516810682398,0.153229862753199,0.285763663204161,18.213943032276898,0.00039734506960898303,0.0250059246874169,15275,Q6GQU1,Hk1
5732,15275,2124.5516810682398,0.153229862753199,0.285763663204161,18.213943032276898,0.00039734506960898303,0.0250059246874169,15275,G3UVV4,Hk1
5733,15275,2124.5516810682398,0.153229862753199,0.285763663204161,18.213943032276898,0.00039734506960898303,0.0250059246874169,15275,B4YB29,Hk1
5734,15275,2124.5516810682398,0.153229862753199,0.285763663204161,18.213943032276898,0.00039734506960898303,0.0250059246874169,15275,Q6GQU1,Hk1
5735,15275,2124.5516810682398,0.153229862753199,0.285763663204161,18.213943032276898,0.00039734506960898303,0.0250059246874169,15275,G3UVV4,Hk1
6160,15937,12678.1295828066,-0.40232525792065205,0.19137800774291602,20.813719953901,0.000115082261987515,0.0101869860189225,15937,Q91VZ5,Ier3
6163,15944,1734.5747212867902,-0.251415628424004,0.282175031755687,29.865169335075997,1.47318268375337e-06,0.000274761963089857,15944,Q60766,Irgm1
6164,15944,1734.5747212867902,-0.251415628424004,0.282175031755687,29.865169335075997,1.47318268375337e-06,0.000274761963089857,15944,J7NUP1,Irgm1
6165,15945,4216.50009533879,-1.14759472751443,0.329229965436487,52.6081561600953,2.2221964746871102e-11,1.3408994963141399e-08,15945,P17515,Cxcl10
6166,15945,4216.50009533879,-1.14759472751443,0.329229965436487,52.6081561600953,2.2221964746871102e-11,1.3408994963141399e-08,15945,Q548V9,Cxcl10
6174,15957,7087.6667121324,0.10199253702852301,0.20312886441631697,115.64450538787901,6.688445216228609e-25,2.28700236760244e-21,15957,Q64282,Ifit1
6176,15959,6298.597814121071,0.0981445186541459,0.463732205916783,20.4681572406722,0.000135743925524336,0.0108786030314738,15959,Q64345,Ifit3
6177,15959,6298.597814121071,0.0981445186541459,0.463732205916783,20.4681572406722,0.000135743925524336,0.0108786030314738,15959,Q5FW82,Ifit3
6195,15977,366.60670750018,-0.62819633068352,1.1565510529415801,26.564691866175398,7.2636469087131e-06,0.00104944352097999,15977,Q0VE17,Ifnb1
6196,15977,366.60670750018,-0.62819633068352,1.1565510529415801,26.564691866175398,7.2636469087131e-06,0.00104944352097999,15977,P01575,Ifnb1
6340,16175,22431.998656638,-0.462559184883447,0.22257418662132003,17.2450995869358,0.0006292674096946139,0.0347044359604696,16175,P01582,Il1a
6341,16175,22431.998656638,-0.462559184883447,0.22257418662132003,17.2450995869358,0.0006292674096946139,0.0347044359604696,16175,Q3U0Y6,Il1a
6342,16176,5510.196184022429,-0.9709340190920942,0.253965996979443,39.5693581633265,1.31470837364528e-08,4.49542616561776e-06,16176,P10749,Il1b
6518,16365,9745.21341042843,-0.804478371579578,0.171020655198468,247.651314956522,2.1076756240606397e-53,2.1620536551613996e-49,16365,,Acod1
6527,16391,2438.5039481070603,0.470371433934339,0.24220336309062698,24.0301319035705,2.46207441068357e-05,0.0030066618219990603,16391,Q3UKQ7,Irf9
6528,16391,2438.5039481070603,0.470371433934339,0.24220336309062698,24.0301319035705,2.46207441068357e-05,0.0030066618219990603,16391,Q61179,Irf9
6529,16391,2438.5039481070603,0.470371433934339,0.24220336309062698,24.0301319035705,2.46207441068357e-05,0.0030066618219990603,16391,Q3UKQ7,Irf9
6530,16391,2438.5039481070603,0.470371433934339,0.24220336309062698,24.0301319035705,2.46207441068357e-05,0.0030066618219990603,16391,Q61179,Irf9
6531,16391,2438.5039481070603,0.470371433934339,0.24220336309062698,24.0301319035705,2.46207441068357e-05,0.0030066618219990603,16391,Q3UKQ7,Irf9
6532,16391,2438.5039481070603,0.470371433934339,0.24220336309062698,24.0301319035705,2.46207441068357e-05,0.0030066618219990603,16391,Q61179,Irf9
6564,16413,257.672653728361,5.185564051946809,1.08270769939276,23.3384463899842,3.4326889019238695e-05,0.00400142304044717,16413,O35671,Itgb1bp1
6565,16413,257.672653728361,5.185564051946809,1.08270769939276,23.3384463899842,3.4326889019238695e-05,0.00400142304044717,16413,Q3UGH2,Itgb1bp1
7154,16792,8012.1096432485,0.00164300457793884,0.211537988491704,27.3277375540991,5.025722595435959e-06,0.000831513909419066,16792,Q544S4,Laptm5
7155,16792,8012.1096432485,0.00164300457793884,0.211537988491704,27.3277375540991,5.025722595435959e-06,0.000831513909419066,16792,Q61168,Laptm5
7206,16834,1356.18655006667,-0.106545944002486,0.380931874144317,17.141676576916698,0.000660872263317105,0.0356801456689835,16834,Q9Z160,Cog1
7207,16834,1356.18655006667,-0.106545944002486,0.380931874144317,17.141676576916698,0.000660872263317105,0.0356801456689835,16834,Q810S7,Cog1
7426,16993,1620.61574091854,0.634375059787799,0.25022873223961106,20.5234486443211,0.000132205536843344,0.0107632094995161,16993,P24527,Lta4h
7427,16993,1620.61574091854,0.634375059787799,0.25022873223961106,20.5234486443211,0.000132205536843344,0.0107632094995161,16993,P24527,Lta4h
7731,17248,944.6385804680181,2.48663758088982,0.4550067207921629,26.9061093130341,6.16031117182217e-06,0.000957461696978059,17248,Q3UTC9,Mdm4
7732,17248,944.6385804680181,2.48663758088982,0.4550067207921629,26.9061093130341,6.16031117182217e-06,0.000957461696978059,17248,O35618,Mdm4
7733,17248,944.6385804680181,2.48663758088982,0.4550067207921629,26.9061093130341,6.16031117182217e-06,0.000957461696978059,17248,Q3UTC9,Mdm4
7734,17248,944.6385804680181,2.48663758088982,0.4550067207921629,26.9061093130341,6.16031117182217e-06,0.000957461696978059,17248,O35618,Mdm4
7735,17248,944.6385804680181,2.48663758088982,0.4550067207921629,26.9061093130341,6.16031117182217e-06,0.000957461696978059,17248,Q3UTC9,Mdm4
7736,17248,944.6385804680181,2.48663758088982,0.4550067207921629,26.9061093130341,6.16031117182217e-06,0.000957461696978059,17248,O35618,Mdm4
7737,17248,944.6385804680181,2.48663758088982,0.4550067207921629,26.9061093130341,6.16031117182217e-06,0.000957461696978059,17248,Q3UTC9,Mdm4
7738,17248,944.6385804680181,2.48663758088982,0.4550067207921629,26.9061093130341,6.16031117182217e-06,0.000957461696978059,17248,O35618,Mdm4
7739,17248,944.6385804680181,2.48663758088982,0.4550067207921629,26.9061093130341,6.16031117182217e-06,0.000957461696978059,17248,Q3UTC9,Mdm4
7740,17248,944.6385804680181,2.48663758088982,0.4550067207921629,26.9061093130341,6.16031117182217e-06,0.000957461696978059,17248,O35618,Mdm4
7838,17319,14205.017193714199,-0.124746267670143,0.11146528924258901,22.120334540770397,6.157635459831579e-05,0.00644946721264487,17319,Q545F0,Mif
7839,17319,14205.017193714199,-0.124746267670143,0.11146528924258901,22.120334540770397,6.157635459831579e-05,0.00644946721264487,17319,P34884,Mif
7904,17387,1265.20412020996,0.414517092382325,0.5142145108558971,20.6481910205366,0.000124556309468928,0.0105458671580353,17387,P53690,Mmp14
7916,17423,2237.17473632782,-0.256182492198066,0.24003363851793397,20.860452443137,0.00011253988115360501,0.0101266149199446,17423,Q2TBA8,Ndst2
7917,17423,2237.17473632782,-0.256182492198066,0.24003363851793397,20.860452443137,0.00011253988115360501,0.0101266149199446,17423,P52850,Ndst2
8065,17750,16860.0479836275,-0.20159685535954502,0.166014132488806,18.062666458132,0.00042695170506796697,0.026543458124771,17750,P02798,Mt2
8611,18034,3674.4808159546,-0.263495850293133,0.248222834093066,16.1215075198933,0.00107075678678319,0.0471408717546009,18034,Q3UG25,Nfkb2
8612,18034,3674.4808159546,-0.263495850293133,0.248222834093066,16.1215075198933,0.00107075678678319,0.0471408717546009,18034,Q9WTK5,Nfkb2
8613,18034,3674.4808159546,-0.263495850293133,0.248222834093066,16.1215075198933,0.00107075678678319,0.0471408717546009,18034,Q3UG25,Nfkb2
8614,18034,3674.4808159546,-0.263495850293133,0.248222834093066,16.1215075198933,0.00107075678678319,0.0471408717546009,18034,Q9WTK5,Nfkb2
8615,18034,3674.4808159546,-0.263495850293133,0.248222834093066,16.1215075198933,0.00107075678678319,0.0471408717546009,18034,Q3UG25,Nfkb2
8616,18034,3674.4808159546,-0.263495850293133,0.248222834093066,16.1215075198933,0.00107075678678319,0.0471408717546009,18034,Q9WTK5,Nfkb2
8617,18035,13886.9694928396,-0.32582324363996396,0.18497176075172397,17.2106513091693,0.000639623898687095,0.0347452784604169,18035,Q9Z1E3,Nfkbia
8711,18107,6265.257247474189,-0.101610500723837,0.15177952829692098,17.0998928340381,0.000674083851444312,0.0358277313373873,18107,O70310,Nmt1
8712,18107,6265.257247474189,-0.101610500723837,0.15177952829692098,17.0998928340381,0.000674083851444312,0.0358277313373873,18107,Q3UJC3,Nmt1
8864,18187,6316.69768454085,-0.43340851859889595,0.21999787901871598,23.4724506049371,3.2187289026835e-05,0.0038244725417027705,18187,Q8QZY7,Nrp2
8865,18187,6316.69768454085,-0.43340851859889595,0.21999787901871598,23.4724506049371,3.2187289026835e-05,0.0038244725417027705,18187,O35375,Nrp2
8866,18187,6316.69768454085,-0.43340851859889595,0.21999787901871598,23.4724506049371,3.2187289026835e-05,0.0038244725417027705,18187,Q3U5I8,Nrp2
8867,18187,6316.69768454085,-0.43340851859889595,0.21999787901871598,23.4724506049371,3.2187289026835e-05,0.0038244725417027705,18187,Q8QZY7,Nrp2
8868,18187,6316.69768454085,-0.43340851859889595,0.21999787901871598,23.4724506049371,3.2187289026835e-05,0.0038244725417027705,18187,O35375,Nrp2
8869,18187,6316.69768454085,-0.43340851859889595,0.21999787901871598,23.4724506049371,3.2187289026835e-05,0.0038244725417027705,18187,Q3U5I8,Nrp2
8870,18187,6316.69768454085,-0.43340851859889595,0.21999787901871598,23.4724506049371,3.2187289026835e-05,0.0038244725417027705,18187,Q8QZY7,Nrp2
8871,18187,6316.69768454085,-0.43340851859889595,0.21999787901871598,23.4724506049371,3.2187289026835e-05,0.0038244725417027705,18187,O35375,Nrp2
8872,18187,6316.69768454085,-0.43340851859889595,0.21999787901871598,23.4724506049371,3.2187289026835e-05,0.0038244725417027705,18187,Q3U5I8,Nrp2
8873,18187,6316.69768454085,-0.43340851859889595,0.21999787901871598,23.4724506049371,3.2187289026835e-05,0.0038244725417027705,18187,Q8QZY7,Nrp2
8874,18187,6316.69768454085,-0.43340851859889595,0.21999787901871598,23.4724506049371,3.2187289026835e-05,0.0038244725417027705,18187,O35375,Nrp2
8875,18187,6316.69768454085,-0.43340851859889595,0.21999787901871598,23.4724506049371,3.2187289026835e-05,0.0038244725417027705,18187,Q3U5I8,Nrp2
8876,18187,6316.69768454085,-0.43340851859889595,0.21999787901871598,23.4724506049371,3.2187289026835e-05,0.0038244725417027705,18187,Q8QZY7,Nrp2
8877,18187,6316.69768454085,-0.43340851859889595,0.21999787901871598,23.4724506049371,3.2187289026835e-05,0.0038244725417027705,18187,O35375,Nrp2
8878,18187,6316.69768454085,-0.43340851859889595,0.21999787901871598,23.4724506049371,3.2187289026835e-05,0.0038244725417027705,18187,Q3U5I8,Nrp2
8879,18187,6316.69768454085,-0.43340851859889595,0.21999787901871598,23.4724506049371,3.2187289026835e-05,0.0038244725417027705,18187,Q8QZY7,Nrp2
8880,18187,6316.69768454085,-0.43340851859889595,0.21999787901871598,23.4724506049371,3.2187289026835e-05,0.0038244725417027705,18187,O35375,Nrp2
8881,18187,6316.69768454085,-0.43340851859889595,0.21999787901871598,23.4724506049371,3.2187289026835e-05,0.0038244725417027705,18187,Q3U5I8,Nrp2
9758,18712,1553.2718421690302,0.485958738225365,0.433196675128246,20.2398331573927,0.000151382054743586,0.0115886352056694,18712,Q8CFN8,Pim1
9922,18792,1159.4738526714,-1.9389104672424098,0.623214271372616,30.5317893775816,1.06661032483203e-06,0.000210409398310134,18792,Q0VBA8,Plau
9923,18792,1159.4738526714,-1.9389104672424098,0.623214271372616,30.5317893775816,1.06661032483203e-06,0.000210409398310134,18792,P06869,Plau
10055,18974,64.9786973064517,-0.659538015629979,2.43599203289001,19.276626364379002,0.000239652089611028,0.0169268492498448,18974,O54956,Pole2
10156,19039,15510.7645451398,-0.327589019354028,0.173689517376999,75.84714381841229,2.3852198497251004e-16,2.22432592895273e-13,19039,Q07797,Lgals3bp
10226,19079,1234.97346820584,-0.650452855998209,0.30168615892115996,18.4038656307258,0.000363049763447785,0.0232760279590461,19079,Q9R078,Prkab1
10227,19079,1234.97346820584,-0.650452855998209,0.30168615892115996,18.4038656307258,0.000363049763447785,0.0232760279590461,19079,Q542K0,Prkab1
10228,19079,1234.97346820584,-0.650452855998209,0.30168615892115996,18.4038656307258,0.000363049763447785,0.0232760279590461,19079,S4R2R1,Prkab1
10338,19128,4141.342187569029,0.242493416337412,0.185199242097557,32.6530941426543,3.81162279362122e-07,9.309434908801541e-05,19128,Q3TR66,Pros1
10339,19128,4141.342187569029,0.242493416337412,0.185199242097557,32.6530941426543,3.81162279362122e-07,9.309434908801541e-05,19128,Q08761,Pros1
10409,19164,7674.514878007141,0.146222663682886,0.126396484883201,22.050891657242197,6.365980126610961e-05,0.0065961842564419395,19164,Q3UYK2,Psen1
10410,19164,7674.514878007141,0.146222663682886,0.126396484883201,22.050891657242197,6.365980126610961e-05,0.0065961842564419395,19164,P49769,Psen1
10501,19225,17700.3448931411,-0.6831798373222421,0.18943117897477102,62.9356802274232,1.38618884854121e-13,1.01568037202398e-10,19225,Q05769,Ptgs2
10581,19267,2620.69467782123,-0.32688447478904303,0.28187805308264,17.273914345843,0.000620732710104744,0.0344187899473214,19267,P49446,Ptpre
10582,19267,2620.69467782123,-0.32688447478904303,0.28187805308264,17.273914345843,0.000620732710104744,0.0344187899473214,19267,P49446,Ptpre
10583,19267,2620.69467782123,-0.32688447478904303,0.28187805308264,17.273914345843,0.000620732710104744,0.0344187899473214,19267,P49446,Ptpre
10584,19267,2620.69467782123,-0.32688447478904303,0.28187805308264,17.273914345843,0.000620732710104744,0.0344187899473214,19267,P49446,Ptpre
10585,19267,2620.69467782123,-0.32688447478904303,0.28187805308264,17.273914345843,0.000620732710104744,0.0344187899473214,19267,P49446,Ptpre
11106,19889,1129.9734935583,0.14077588316973902,0.36794204023572796,18.470843094337603,0.000351671251577306,0.0226883251489309,19889,Q9EPK2,Rp2
11107,19889,1129.9734935583,0.14077588316973902,0.36794204023572796,18.470843094337603,0.000351671251577306,0.0226883251489309,19889,Q9EPK2,Rp2
11108,19889,1129.9734935583,0.14077588316973902,0.36794204023572796,18.470843094337603,0.000351671251577306,0.0226883251489309,19889,Q9EPK2,Rp2
11440,20296,5606.39827604881,-0.161720703416163,0.185165926499225,103.33307437439001,2.98339819842145e-22,7.650924679851809e-19,20296,P10148,Ccl2
11441,20296,5606.39827604881,-0.161720703416163,0.185165926499225,103.33307437439001,2.98339819842145e-22,7.650924679851809e-19,20296,Q5SVU3,Ccl2
11463,20304,43671.69546433,-0.607353417739657,0.192115215880883,164.68534111088698,1.78613217267676e-35,9.161071913659119e-32,20304,P30882,Ccl5
11464,20304,43671.69546433,-0.607353417739657,0.192115215880883,164.68534111088698,1.78613217267676e-35,9.161071913659119e-32,20304,Q5XZF2,Ccl5
11473,20310,67494.80153117969,-0.958281520117271,0.20126195878251102,99.13724058533029,2.38230033177195e-21,4.88752736066333e-18,20310,P10889,Cxcl2
11474,20310,67494.80153117969,-0.958281520117271,0.20126195878251102,99.13724058533029,2.38230033177195e-21,4.88752736066333e-18,20310,Q3U1L9,Cxcl2
11475,20310,67494.80153117969,-0.958281520117271,0.20126195878251102,99.13724058533029,2.38230033177195e-21,4.88752736066333e-18,20310,Q3U1J5,Cxcl2
11607,20393,28436.7510477281,0.135979056066625,0.135668060778605,20.4097971480737,0.000139581015431546,0.0109299393610443,20393,Q9WVC6,Sgk1
11608,20393,28436.7510477281,0.135979056066625,0.135668060778605,20.4097971480737,0.000139581015431546,0.0109299393610443,20393,Q9WVC6,Sgk1
11609,20393,28436.7510477281,0.135979056066625,0.135668060778605,20.4097971480737,0.000139581015431546,0.0109299393610443,20393,Q9WVC6,Sgk1
11610,20393,28436.7510477281,0.135979056066625,0.135668060778605,20.4097971480737,0.000139581015431546,0.0109299393610443,20393,Q9WVC6,Sgk1
11611,20393,28436.7510477281,0.135979056066625,0.135668060778605,20.4097971480737,0.000139581015431546,0.0109299393610443,20393,Q9WVC6,Sgk1
11612,20393,28436.7510477281,0.135979056066625,0.135668060778605,20.4097971480737,0.000139581015431546,0.0109299393610443,20393,Q9WVC6,Sgk1
11869,20530,3804.0336117414504,-0.5989261287474611,0.185954417037239,41.9875154712711,4.036676383125971e-09,1.4278698737278e-06,20530,Q9CPU9,Slc31a2
11870,20530,3804.0336117414504,-0.5989261287474611,0.185954417037239,41.9875154712711,4.036676383125971e-09,1.4278698737278e-06,20530,Q4KL43,Slc31a2
11871,20530,3804.0336117414504,-0.5989261287474611,0.185954417037239,41.9875154712711,4.036676383125971e-09,1.4278698737278e-06,20530,Q9D524,Slc31a2
11872,20530,3804.0336117414504,-0.5989261287474611,0.185954417037239,41.9875154712711,4.036676383125971e-09,1.4278698737278e-06,20530,Q9CPU9,Slc31a2
11873,20530,3804.0336117414504,-0.5989261287474611,0.185954417037239,41.9875154712711,4.036676383125971e-09,1.4278698737278e-06,20530,Q4KL43,Slc31a2
11874,20530,3804.0336117414504,-0.5989261287474611,0.185954417037239,41.9875154712711,4.036676383125971e-09,1.4278698737278e-06,20530,Q9D524,Slc31a2
11899,20555,165.366511273321,0.36655483963312896,1.3598225561687902,20.7500329736428,0.000118639332767895,0.0103135786062125,20555,Q9Z0I7,Slfn1
11900,20555,165.366511273321,0.36655483963312896,1.3598225561687902,20.7500329736428,0.000118639332767895,0.0103135786062125,20555,A0A1G5SJ71,Slfn1
11901,20556,6594.33867797032,-0.29413361434220603,0.214651383985043,20.9276600239077,0.00010898134423704301,0.00998152347485346,20556,Q9Z0I6,Slfn2
11984,20612,672.15262434444,-2.3586279902314105,0.951225489382812,49.628578405198,9.58512211531801e-11,4.27496446343183e-08,20612,H9KUZ3,Siglec1
11985,20612,672.15262434444,-2.3586279902314105,0.951225489382812,49.628578405198,9.58512211531801e-11,4.27496446343183e-08,20612,G3X8X6,Siglec1
12042,20656,12648.4182117057,-0.690835427138263,0.145863945417531,81.9986270476106,1.14359024080342e-17,1.46636858627018e-14,20656,Q4FJX9,Sod2
12043,20656,12648.4182117057,-0.690835427138263,0.145863945417531,81.9986270476106,1.14359024080342e-17,1.46636858627018e-14,20656,P09671,Sod2
12105,20684,454.048621029878,-0.11072749730612301,0.7400358905558629,27.1711850668862,5.4203672639761e-06,0.0008825734506962991,20684,Q8C405,Sp100
12106,20684,454.048621029878,-0.11072749730612301,0.7400358905558629,27.1711850668862,5.4203672639761e-06,0.0008825734506962991,20684,O35892,Sp100
12107,20684,454.048621029878,-0.11072749730612301,0.7400358905558629,27.1711850668862,5.4203672639761e-06,0.0008825734506962991,20684,Q6NTA3,Sp100
12108,20684,454.048621029878,-0.11072749730612301,0.7400358905558629,27.1711850668862,5.4203672639761e-06,0.0008825734506962991,20684,Q8C405,Sp100
12109,20684,454.048621029878,-0.11072749730612301,0.7400358905558629,27.1711850668862,5.4203672639761e-06,0.0008825734506962991,20684,O35892,Sp100
12110,20684,454.048621029878,-0.11072749730612301,0.7400358905558629,27.1711850668862,5.4203672639761e-06,0.0008825734506962991,20684,Q6NTA3,Sp100
12111,20684,454.048621029878,-0.11072749730612301,0.7400358905558629,27.1711850668862,5.4203672639761e-06,0.0008825734506962991,20684,Q8C405,Sp100
12112,20684,454.048621029878,-0.11072749730612301,0.7400358905558629,27.1711850668862,5.4203672639761e-06,0.0008825734506962991,20684,O35892,Sp100
12113,20684,454.048621029878,-0.11072749730612301,0.7400358905558629,27.1711850668862,5.4203672639761e-06,0.0008825734506962991,20684,Q6NTA3,Sp100
12114,20684,454.048621029878,-0.11072749730612301,0.7400358905558629,27.1711850668862,5.4203672639761e-06,0.0008825734506962991,20684,Q8C405,Sp100
12115,20684,454.048621029878,-0.11072749730612301,0.7400358905558629,27.1711850668862,5.4203672639761e-06,0.0008825734506962991,20684,O35892,Sp100
12116,20684,454.048621029878,-0.11072749730612301,0.7400358905558629,27.1711850668862,5.4203672639761e-06,0.0008825734506962991,20684,Q6NTA3,Sp100
12209,20750,78396.5607768385,1.4900706359154998,0.44629292706966295,19.2655819628083,0.0002409163570362,0.0169268492498448,20750,Q547B5,Spp1
12210,20750,78396.5607768385,1.4900706359154998,0.44629292706966295,19.2655819628083,0.0002409163570362,0.0169268492498448,20750,P10923,Spp1
12211,20750,78396.5607768385,1.4900706359154998,0.44629292706966295,19.2655819628083,0.0002409163570362,0.0169268492498448,20750,Q547B5,Spp1
12212,20750,78396.5607768385,1.4900706359154998,0.44629292706966295,19.2655819628083,0.0002409163570362,0.0169268492498448,20750,P10923,Spp1
12213,20750,78396.5607768385,1.4900706359154998,0.44629292706966295,19.2655819628083,0.0002409163570362,0.0169268492498448,20750,Q547B5,Spp1
12214,20750,78396.5607768385,1.4900706359154998,0.44629292706966295,19.2655819628083,0.0002409163570362,0.0169268492498448,20750,P10923,Spp1
12215,20750,78396.5607768385,1.4900706359154998,0.44629292706966295,19.2655819628083,0.0002409163570362,0.0169268492498448,20750,Q547B5,Spp1
12216,20750,78396.5607768385,1.4900706359154998,0.44629292706966295,19.2655819628083,0.0002409163570362,0.0169268492498448,20750,P10923,Spp1
12217,20750,78396.5607768385,1.4900706359154998,0.44629292706966295,19.2655819628083,0.0002409163570362,0.0169268492498448,20750,Q547B5,Spp1
12218,20750,78396.5607768385,1.4900706359154998,0.44629292706966295,19.2655819628083,0.0002409163570362,0.0169268492498448,20750,P10923,Spp1
12301,20847,1871.6382249423898,0.35761788217426294,0.269637714633915,47.17131770967261,3.19586155097186e-10,1.36596449124456e-07,20847,Q9QXJ2,Stat2
12429,20963,10518.5966585885,-0.27245522267503197,0.134427613679394,35.3896811239837,1.00785073913161e-07,2.87181468944779e-05,20963,P48025,Syk
12430,20963,10518.5966585885,-0.27245522267503197,0.134427613679394,35.3896811239837,1.00785073913161e-07,2.87181468944779e-05,20963,Q3UPF7,Syk
12431,20963,10518.5966585885,-0.27245522267503197,0.134427613679394,35.3896811239837,1.00785073913161e-07,2.87181468944779e-05,20963,P48025,Syk
12432,20963,10518.5966585885,-0.27245522267503197,0.134427613679394,35.3896811239837,1.00785073913161e-07,2.87181468944779e-05,20963,Q3UPF7,Syk
12974,21871,4565.0471817404205,0.37156230571899296,0.15947286489555598,18.012094777774102,0.00043733050167393,0.0270249173865733,21871,P15920,Atp6v0a2
12979,21873,723.2216423322039,0.5083922816108,0.756834563879537,26.3837230272678,7.926261492052209e-06,0.00112927208868711,21873,Q9Z0U1,Tjp2
12980,21873,723.2216423322039,0.5083922816108,0.756834563879537,26.3837230272678,7.926261492052209e-06,0.00112927208868711,21873,Q9Z0U1,Tjp2
13051,21926,7573.1661796518,-0.425610212789987,0.19235765779669103,44.2781946658796,1.31717346419252e-09,5.00428347988403e-07,21926,A0A0R4J210,Tnf
13052,21926,7573.1661796518,-0.425610212789987,0.19235765779669103,44.2781946658796,1.31717346419252e-09,5.00428347988403e-07,21926,Q3U593,Tnf
13053,21926,7573.1661796518,-0.425610212789987,0.19235765779669103,44.2781946658796,1.31717346419252e-09,5.00428347988403e-07,21926,P06804,Tnf
13054,21926,7573.1661796518,-0.425610212789987,0.19235765779669103,44.2781946658796,1.31717346419252e-09,5.00428347988403e-07,21926,A0A0R4J210,Tnf
13055,21926,7573.1661796518,-0.425610212789987,0.19235765779669103,44.2781946658796,1.31717346419252e-09,5.00428347988403e-07,21926,Q3U593,Tnf
13056,21926,7573.1661796518,-0.425610212789987,0.19235765779669103,44.2781946658796,1.31717346419252e-09,5.00428347988403e-07,21926,P06804,Tnf
13060,21929,15377.024407336101,-0.37862074184262795,0.184497070080803,27.365422199108,4.93508725296325e-06,0.000829903689195033,21929,Q60769,Tnfaip3
13061,21929,15377.024407336101,-0.37862074184262795,0.184497070080803,27.365422199108,4.93508725296325e-06,0.000829903689195033,21929,Q60769,Tnfaip3
13073,21938,17606.6703996734,-0.38597007952646295,0.136145294056703,51.486440243069,3.8534535260517e-11,1.9764363135119097e-08,21938,Q545P4,Tnfrsf1b
13074,21938,17606.6703996734,-0.38597007952646295,0.136145294056703,51.486440243069,3.8534535260517e-11,1.9764363135119097e-08,21938,P25119,Tnfrsf1b
13375,22040,1872.5600224839898,-0.377985352515886,0.256679960564399,20.759853585168898,0.00011808377260413201,0.0103135786062125,22040,Q91XB0,Trex1
13376,22040,1872.5600224839898,-0.377985352515886,0.256679960564399,20.759853585168898,0.00011808377260413201,0.0103135786062125,22040,Q91XB0,Trex1
13474,22088,784.4891005468539,-0.0469703427409914,0.5604063746453101,16.753666245762698,0.000794152712182394,0.0384265024602217,22088,Q3UCW0,Tsg101
13475,22088,784.4891005468539,-0.0469703427409914,0.5604063746453101,16.753666245762698,0.000794152712182394,0.0384265024602217,22088,Q61187,Tsg101
13674,22232,1996.5008519438602,-0.169278355045014,0.24857675735205703,16.7888509956143,0.000781039178458909,0.0383344492470406,22232,Q3UIP1,Slc35a2
13675,22232,1996.5008519438602,-0.169278355045014,0.24857675735205703,16.7888509956143,0.000781039178458909,0.0383344492470406,22232,Q9R0M8,Slc35a2
13676,22232,1996.5008519438602,-0.169278355045014,0.24857675735205703,16.7888509956143,0.000781039178458909,0.0383344492470406,22232,Q3UIP1,Slc35a2
13677,22232,1996.5008519438602,-0.169278355045014,0.24857675735205703,16.7888509956143,0.000781039178458909,0.0383344492470406,22232,Q9R0M8,Slc35a2
13750,22273,7890.873297156509,0.10872881275244901,0.11049416364315899,16.4711701359074,0.000907683693920191,0.0419415285235735,22273,Q9CZ13,Uqcrc1
13901,22375,9228.628478506958,0.0589221879351799,0.127604263623809,25.1994878541925,1.40263778037258e-05,0.0018446485065463899,22375,Q3U6U7,Wars
13902,22375,9228.628478506958,0.0589221879351799,0.127604263623809,25.1994878541925,1.40263778037258e-05,0.0018446485065463899,22375,P32921,Wars
13903,22375,9228.628478506958,0.0589221879351799,0.127604263623809,25.1994878541925,1.40263778037258e-05,0.0018446485065463899,22375,Q3U6U7,Wars
13904,22375,9228.628478506958,0.0589221879351799,0.127604263623809,25.1994878541925,1.40263778037258e-05,0.0018446485065463899,22375,P32921,Wars
13905,22375,9228.628478506958,0.0589221879351799,0.127604263623809,25.1994878541925,1.40263778037258e-05,0.0018446485065463899,22375,Q3U6U7,Wars
13906,22375,9228.628478506958,0.0589221879351799,0.127604263623809,25.1994878541925,1.40263778037258e-05,0.0018446485065463899,22375,P32921,Wars
13992,22439,88.87573069103901,-6.60983323189518,2.09466505026524,17.6235435898005,0.000525903081890954,0.0299706323002078,22439,Q059K7,Xk
13993,22439,88.87573069103901,-6.60983323189518,2.09466505026524,17.6235435898005,0.000525903081890954,0.0299706323002078,22439,Q9QXY7,Xk
14272,23833,1192.5272277127801,-0.48367905816515105,0.35366823027459005,16.803684909324,0.000775575189154075,0.0383344492470406,23833,Q64389,Cd52
14351,23886,12151.698030533798,0.05364402161911401,0.173911305976811,16.849678107221,0.00075887413652096,0.0383344492470406,23886,Q9Z0J7,Gdf15
14651,24071,1121.7820208958099,-2.45576919440092,0.5318424945433,20.5992098461153,0.00012750583855918602,0.0105480233220978,24071,Q9D6K5,Synj2bp
14652,24071,1121.7820208958099,-2.45576919440092,0.5318424945433,20.5992098461153,0.00012750583855918602,0.0105480233220978,24071,Q9D6K5,Synj2bp
14663,24088,4760.6009468006605,-0.5349953837161071,0.139952294111171,27.6067501276124,4.39209923243049e-06,0.000763629727563932,24088,G3X8Y8,Tlr2
14674,24110,3121.9450025987603,-0.440407081295557,0.282168457544544,84.29608029254291,3.67490242941108e-18,5.3853070172712604e-15,24110,Q9WTV6,Usp18
14824,26397,4828.4713007051705,0.0879677376610145,0.189415170963124,21.250651682559102,9.33820479313932e-05,0.00878819309798378,26397,Q5SWN9,Map2k3
14825,26397,4828.4713007051705,0.0879677376610145,0.189415170963124,21.250651682559102,9.33820479313932e-05,0.00878819309798378,26397,O09110,Map2k3
14846,26405,1725.67327422435,-0.645687046728913,0.30074370129510397,64.3650779699195,6.85745295220891e-14,5.86197936531325e-11,26405,G5E8L8,Map3k2
15199,27008,1276.50428023535,-0.625756400449724,0.39440391210389203,16.807163073931196,0.00077429953329076,0.0383344492470406,27008,Q8BGT6,Micall1
15319,27225,6361.905525442729,-0.11648978547375699,0.219147279892447,16.7291887959028,0.000803404380622437,0.0385423170037533,27225,Q9ESV0,Ddx24
15320,27225,6361.905525442729,-0.11648978547375699,0.219147279892447,16.7291887959028,0.000803404380622437,0.0385423170037533,27225,Q9ESV0,Ddx24
15321,27226,2458.2425180561104,0.503384045964003,0.27671627383839,23.456421018471797,3.24360607455782e-05,0.0038244725417027705,27226,Q60963,Pla2g7
15470,27406,3199.6157410811998,0.430518577765845,0.195148948175828,20.6336687457236,0.000125423649179208,0.0105458671580353,27406,Q8K268,Abcf3
15728,29875,8427.7171329416,-0.262323275026027,0.13729364007903,20.6064218195518,0.00012706722397064,0.0105480233220978,29875,Q9JKF1,Iqgap1
16077,50868,2875.12842749981,-0.41492745252327,0.21244591617298397,16.6427386742799,0.0008369449144088129,0.0397471339444704,50868,Q9Z2X8,Keap1
16078,50868,2875.12842749981,-0.41492745252327,0.21244591617298397,16.6427386742799,0.0008369449144088129,0.0397471339444704,50868,Q9Z2X8,Keap1
16079,50868,2875.12842749981,-0.41492745252327,0.21244591617298397,16.6427386742799,0.0008369449144088129,0.0397471339444704,50868,Q9Z2X8,Keap1
16080,50868,2875.12842749981,-0.41492745252327,0.21244591617298397,16.6427386742799,0.0008369449144088129,0.0397471339444704,50868,Q9Z2X8,Keap1
16295,52398,4850.19571991931,-0.900363977088782,0.253849330352323,16.081183020457402,0.00109134192774636,0.0478418183539408,52398,A0A0J9YUL3,Sept11
16296,52398,4850.19571991931,-0.900363977088782,0.253849330352323,16.081183020457402,0.00109134192774636,0.0478418183539408,52398,Q8C1B7,Sept11
16297,52398,4850.19571991931,-0.900363977088782,0.253849330352323,16.081183020457402,0.00109134192774636,0.0478418183539408,52398,A0A0J9YUL3,Sept11
16298,52398,4850.19571991931,-0.900363977088782,0.253849330352323,16.081183020457402,0.00109134192774636,0.0478418183539408,52398,Q8C1B7,Sept11
16299,52398,4850.19571991931,-0.900363977088782,0.253849330352323,16.081183020457402,0.00109134192774636,0.0478418183539408,52398,A0A0J9YUL3,Sept11
16300,52398,4850.19571991931,-0.900363977088782,0.253849330352323,16.081183020457402,0.00109134192774636,0.0478418183539408,52398,Q8C1B7,Sept11
16565,53334,1448.4154410990302,-0.583910451369652,0.25477125811539497,16.7948155721542,0.000778837577469204,0.0383344492470406,53334,O88630,Gosr1
16749,53890,2215.53104061469,-0.49702906070442104,0.21368531755597897,20.215509083192998,0.00015315028475775702,0.011637152748482002,53890,Q9JLI8,Sart3
16795,54123,7859.466360705541,-0.197456546274611,0.47124120101755895,16.7274627009273,0.0008040608148570111,0.0385423170037533,54123,Q3TW14,Irf7
16796,54123,7859.466360705541,-0.197456546274611,0.47124120101755895,16.7274627009273,0.0008040608148570111,0.0385423170037533,54123,D3Z4U9,Irf7
16797,54123,7859.466360705541,-0.197456546274611,0.47124120101755895,16.7274627009273,0.0008040608148570111,0.0385423170037533,54123,Q542T3,Irf7
16798,54123,7859.466360705541,-0.197456546274611,0.47124120101755895,16.7274627009273,0.0008040608148570111,0.0385423170037533,54123,P70434,Irf7
16799,54123,7859.466360705541,-0.197456546274611,0.47124120101755895,16.7274627009273,0.0008040608148570111,0.0385423170037533,54123,Q3TW14,Irf7
16800,54123,7859.466360705541,-0.197456546274611,0.47124120101755895,16.7274627009273,0.0008040608148570111,0.0385423170037533,54123,D3Z4U9,Irf7
16801,54123,7859.466360705541,-0.197456546274611,0.47124120101755895,16.7274627009273,0.0008040608148570111,0.0385423170037533,54123,Q542T3,Irf7
16802,54123,7859.466360705541,-0.197456546274611,0.47124120101755895,16.7274627009273,0.0008040608148570111,0.0385423170037533,54123,P70434,Irf7
16803,54123,7859.466360705541,-0.197456546274611,0.47124120101755895,16.7274627009273,0.0008040608148570111,0.0385423170037533,54123,Q3TW14,Irf7
16804,54123,7859.466360705541,-0.197456546274611,0.47124120101755895,16.7274627009273,0.0008040608148570111,0.0385423170037533,54123,D3Z4U9,Irf7
16805,54123,7859.466360705541,-0.197456546274611,0.47124120101755895,16.7274627009273,0.0008040608148570111,0.0385423170037533,54123,Q542T3,Irf7
16806,54123,7859.466360705541,-0.197456546274611,0.47124120101755895,16.7274627009273,0.0008040608148570111,0.0385423170037533,54123,P70434,Irf7
16891,54199,14374.6864171573,-0.556807205432819,0.12408115583854401,63.8903482418878,8.66342261112633e-14,6.8361068573026e-11,54199,O35457,Ccrl2
16892,54199,14374.6864171573,-0.556807205432819,0.12408115583854401,63.8903482418878,8.66342261112633e-14,6.8361068573026e-11,54199,O35457,Ccrl2
16893,54199,14374.6864171573,-0.556807205432819,0.12408115583854401,63.8903482418878,8.66342261112633e-14,6.8361068573026e-11,54199,O35457,Ccrl2
16939,54354,134.536404356486,4.236013558070931,2.2149676479145604,16.350470317120003,0.000960977301749151,0.0438284362889642,54354,Q5EBH1,Rassf5
16940,54354,134.536404356486,4.236013558070931,2.2149676479145604,16.350470317120003,0.000960977301749151,0.0438284362889642,54354,Q5EBH1,Rassf5
16941,54354,134.536404356486,4.236013558070931,2.2149676479145604,16.350470317120003,0.000960977301749151,0.0438284362889642,54354,Q5EBH1,Rassf5
16991,54396,597.659458957859,0.29121705337009995,0.531908518871832,78.5672996118337,6.22751020779979e-17,6.38817997116102e-14,54396,Q9Z1M2,Irgm2
17179,54711,2563.80021458803,-0.417545315219646,0.251697994830274,19.0283568924078,0.00026973253395506697,0.0185699082772555,54711,Q925T4,Plagl2
17669,56367,2561.0229125597,0.28250386004911,0.20257279894736802,18.5280603316695,0.000342232280699692,0.0223606288880092,56367,Q78YZ6,Scoc
17670,56367,2561.0229125597,0.28250386004911,0.20257279894736802,18.5280603316695,0.000342232280699692,0.0223606288880092,56367,Q78YZ6,Scoc
17671,56367,2561.0229125597,0.28250386004911,0.20257279894736802,18.5280603316695,0.000342232280699692,0.0223606288880092,56367,Q78YZ6,Scoc
17793,56407,8926.73104021895,-0.458143157884311,0.12263229325639699,17.0297555060912,0.000696853182658157,0.036658051013884,56407,Q3TDP6,Trpc4ap
17794,56407,8926.73104021895,-0.458143157884311,0.12263229325639699,17.0297555060912,0.000696853182658157,0.036658051013884,56407,Q9JLV2,Trpc4ap
17795,56407,8926.73104021895,-0.458143157884311,0.12263229325639699,17.0297555060912,0.000696853182658157,0.036658051013884,56407,Q3TDP6,Trpc4ap
17796,56407,8926.73104021895,-0.458143157884311,0.12263229325639699,17.0297555060912,0.000696853182658157,0.036658051013884,56407,Q9JLV2,Trpc4ap
17801,56417,3683.64438587105,-0.344499980780663,0.293486089836676,20.3116027023429,0.000146282372473961,0.0113679134608931,56417,Q99MU3,Adar
17802,56417,3683.64438587105,-0.344499980780663,0.293486089836676,20.3116027023429,0.000146282372473961,0.0113679134608931,56417,Q99MU3,Adar
17803,56417,3683.64438587105,-0.344499980780663,0.293486089836676,20.3116027023429,0.000146282372473961,0.0113679134608931,56417,Q99MU3,Adar
17813,56422,2654.28155380099,-0.42483834398264797,0.204241803819976,17.742988786709798,0.0004969266724085679,0.028962919349813,56422,Q69ZS7,Hbs1l
17814,56422,2654.28155380099,-0.42483834398264797,0.204241803819976,17.742988786709798,0.0004969266724085679,0.028962919349813,56422,Q3TGM7,Hbs1l
17815,56422,2654.28155380099,-0.42483834398264797,0.204241803819976,17.742988786709798,0.0004969266724085679,0.028962919349813,56422,Q69ZS7,Hbs1l
17816,56422,2654.28155380099,-0.42483834398264797,0.204241803819976,17.742988786709798,0.0004969266724085679,0.028962919349813,56422,Q3TGM7,Hbs1l
17817,56422,2654.28155380099,-0.42483834398264797,0.204241803819976,17.742988786709798,0.0004969266724085679,0.028962919349813,56422,Q69ZS7,Hbs1l
17818,56422,2654.28155380099,-0.42483834398264797,0.204241803819976,17.742988786709798,0.0004969266724085679,0.028962919349813,56422,Q3TGM7,Hbs1l
17879,56454,1586.38326359718,0.92561518109003,0.324150099529688,27.009459322994598,5.8605337864427005e-06,0.000924882393558911,56454,Q9Z110,Aldh18a1
17880,56454,1586.38326359718,0.92561518109003,0.324150099529688,27.009459322994598,5.8605337864427005e-06,0.000924882393558911,56454,Q9Z110,Aldh18a1
18067,56619,5505.59396126258,-0.532196975712352,0.24545274980402998,25.0377131569871,1.5162676110747199e-05,0.00196884470308918,56619,Q9R0Q8,Clec4e
18068,56619,5505.59396126258,-0.532196975712352,0.24545274980402998,25.0377131569871,1.5162676110747199e-05,0.00196884470308918,56619,Q4FK29,Clec4e
18636,58185,22687.811248666403,-0.161116694866876,0.43148301273861794,31.8568212990624,5.60999480552368e-07,0.000127882948255693,58185,Q8CBB9,Rsad2
18668,58203,1971.52492740405,-0.0073494313772013405,0.36116649748607205,44.9674092262078,9.40144957589064e-10,3.8576027899794503e-07,58203,,Zbp1
18669,58203,1971.52492740405,-0.0073494313772013405,0.36116649748607205,44.9674092262078,9.40144957589064e-10,3.8576027899794503e-07,58203,,Zbp1
18683,58220,109.870892377769,-2.4961340833264303,1.7311117269708702,16.2802475422963,0.000993401607167974,0.0447925829480798,58220,Q9JK83,Pard6b
19177,64340,1432.1316976421601,-0.9224836683721609,0.30460797000731604,16.9158801971524,0.000735460318886798,0.0375340893091581,64340,Q80X98,Dhx38
19278,64930,1685.7060629237199,-0.654770611607178,0.35860702992986,30.836698219952197,9.200786317813619e-07,0.00019261564499618798,64930,Q9EP53,Tsc1
19279,64930,1685.7060629237199,-0.654770611607178,0.35860702992986,30.836698219952197,9.200786317813619e-07,0.00019261564499618798,64930,Q9EP53,Tsc1
19280,64930,1685.7060629237199,-0.654770611607178,0.35860702992986,30.836698219952197,9.200786317813619e-07,0.00019261564499618798,64930,Q9EP53,Tsc1
19523,66102,2139.3099850057997,-0.655975636483824,0.31706498417626194,17.794756684257898,0.000484866609787391,0.0286917517361257,66102,Q8BSU2,Cxcl16
19524,66102,2139.3099850057997,-0.655975636483824,0.31706498417626194,17.794756684257898,0.000484866609787391,0.0286917517361257,66102,I7HIQ2,Cxcl16
19525,66102,2139.3099850057997,-0.655975636483824,0.31706498417626194,17.794756684257898,0.000484866609787391,0.0286917517361257,66102,A2CFE9,Cxcl16
19580,66141,5582.44696444276,-0.250111129606191,0.238264388077879,54.939244148727894,7.074174773632099e-12,4.53543030174488e-09,66141,Q9CQW9,Ifitm3
19635,66185,212.17558074209597,2.19606369990651,1.1928460244073402,23.2881816714774,3.51655065492167e-05,0.00405312096833557,66185,A2AIV2,Virma
19735,66270,1014.9045636791199,0.422266708399541,0.328206586398888,19.3793103812375,0.00022820925427117798,0.0163704232889073,66270,Q8VE91,Fam134b
19736,66270,1014.9045636791199,0.422266708399541,0.328206586398888,19.3793103812375,0.00022820925427117798,0.0163704232889073,66270,Q8VE91,Fam134b
19737,66270,1014.9045636791199,0.422266708399541,0.328206586398888,19.3793103812375,0.00022820925427117798,0.0163704232889073,66270,Q8VE91,Fam134b
19738,66270,1014.9045636791199,0.422266708399541,0.328206586398888,19.3793103812375,0.00022820925427117798,0.0163704232889073,66270,Q8VE91,Fam134b
19739,66270,1014.9045636791199,0.422266708399541,0.328206586398888,19.3793103812375,0.00022820925427117798,0.0163704232889073,66270,Q8VE91,Fam134b
19740,66270,1014.9045636791199,0.422266708399541,0.328206586398888,19.3793103812375,0.00022820925427117798,0.0163704232889073,66270,Q8VE91,Fam134b
19881,66335,23241.8046041231,0.0673308318990141,0.112345321248155,18.180100776181103,0.000403785887624659,0.0252563148491082,66335,Q9Z1G3,Atp6v1c1
20564,66940,8079.6259670562595,-0.0671197008020077,0.185621725023078,23.1851000450808,3.6949730612190296e-05,0.00421144818466497,66940,A0A0G2JGK4,Shisa5
20565,66940,8079.6259670562595,-0.0671197008020077,0.185621725023078,23.1851000450808,3.6949730612190296e-05,0.00421144818466497,66940,Q9D7I0,Shisa5
20566,66940,8079.6259670562595,-0.0671197008020077,0.185621725023078,23.1851000450808,3.6949730612190296e-05,0.00421144818466497,66940,A0A0G2JGK4,Shisa5
20567,66940,8079.6259670562595,-0.0671197008020077,0.185621725023078,23.1851000450808,3.6949730612190296e-05,0.00421144818466497,66940,Q9D7I0,Shisa5
20568,66940,8079.6259670562595,-0.0671197008020077,0.185621725023078,23.1851000450808,3.6949730612190296e-05,0.00421144818466497,66940,A0A0G2JGK4,Shisa5
20569,66940,8079.6259670562595,-0.0671197008020077,0.185621725023078,23.1851000450808,3.6949730612190296e-05,0.00421144818466497,66940,Q9D7I0,Shisa5
20764,67099,483.70411278304704,-0.590008095719754,0.573774872398393,17.6245268115017,0.000525657834959198,0.0299706323002078,67099,Q9CQL0,Mettl21a
20828,67138,2408.81145888186,-0.0144628794472758,0.33447502045752303,17.2088522616976,0.000640169392573484,0.0347452784604169,67138,F2Z461,Herc6
21195,67448,1530.1403913782501,0.5068983721303489,0.35797828482214505,18.512544638017,0.000344766672074307,0.0223836488742927,67448,Q9DC11,Plxdc2
21212,67463,194.033953100542,1.53792146565747,1.00317873359328,29.4726694059067,1.78151957865584e-06,0.000326336211390207,67463,Q9DBS8,Poc5
21289,67534,1385.90433632581,-0.908507971697021,0.312657832172793,27.0945165031376,5.624764968793621e-06,0.0009015443601544529,67534,Q80UG8,Ttll4
21533,67775,3894.6032203290797,-0.19615753509421602,0.25947921870838697,50.99038356858021,4.91521807102116e-11,2.2918321351152302e-08,67775,Q9ER80,Rtp4
21700,67916,4208.64233275067,-1.00588547779806,0.259016779781481,20.061453468874603,0.000164836711527935,0.0124330513739232,67916,Q99JY8,Plpp3
21728,67943,2380.6479160296803,0.6953980820307281,0.233241816434534,17.991217984795803,0.00044168784534690995,0.0271307420213689,67943,Q9ERE7,Mesd
21743,67958,544.4494832874431,-1.773822512258,0.519149596423551,19.5288662452102,0.000212508957449828,0.0154604034434066,67958,Q6NV83,U2surp
21744,67958,544.4494832874431,-1.773822512258,0.519149596423551,19.5288662452102,0.000212508957449828,0.0154604034434066,67958,Q6NV83,U2surp
21938,68195,2874.44635469277,-0.193087563785972,0.221894640143869,32.0717286360991,5.05442931550665e-07,0.000117837127087426,68195,Q5FWA0,Rnaset2b
21939,68195,2874.44635469277,-0.193087563785972,0.221894640143869,32.0717286360991,5.05442931550665e-07,0.000117837127087426,68195,C0HKG5,Rnaset2b
21940,68195,2874.44635469277,-0.193087563785972,0.221894640143869,32.0717286360991,5.05442931550665e-07,0.000117837127087426,68195,C0HKG6,Rnaset2b
22327,68728,1335.48126962107,1.0004708241293,0.274812305832212,21.215080198124,9.498478868363729e-05,0.00885776329378865,68728,Q8CFU8,Trp53inp2
22959,69550,8684.42664163805,-0.34097721349176696,0.17336434889249802,51.8617669372011,3.20529807656151e-11,1.78637228223727e-08,69550,Q8R2Q8,Bst2
23168,69804,1738.8284547110502,-0.417533475799735,0.24123453322158103,20.021888706198002,0.00016797865503897,0.0125775550612391,69804,B2RVQ1,Tmem147
23169,69804,1738.8284547110502,-0.417533475799735,0.24123453322158103,20.021888706198002,0.00016797865503897,0.0125775550612391,69804,Q9CQG6,Tmem147
23192,69834,4106.08524536427,-0.65422996275475,0.159698891271807,26.127898443895003,8.96704703843923e-06,0.0012430266016258099,69834,Q91Z34,Rab43
23193,69834,4106.08524536427,-0.65422996275475,0.159698891271807,26.127898443895003,8.96704703843923e-06,0.0012430266016258099,69834,Q0PD10,Rab43
23194,69834,4106.08524536427,-0.65422996275475,0.159698891271807,26.127898443895003,8.96704703843923e-06,0.0012430266016258099,69834,Q8CG50,Rab43
23195,69834,4106.08524536427,-0.65422996275475,0.159698891271807,26.127898443895003,8.96704703843923e-06,0.0012430266016258099,69834,D3Z444,Rab43
23196,69834,4106.08524536427,-0.65422996275475,0.159698891271807,26.127898443895003,8.96704703843923e-06,0.0012430266016258099,69834,Q91Z34,Rab43
23197,69834,4106.08524536427,-0.65422996275475,0.159698891271807,26.127898443895003,8.96704703843923e-06,0.0012430266016258099,69834,Q0PD10,Rab43
23198,69834,4106.08524536427,-0.65422996275475,0.159698891271807,26.127898443895003,8.96704703843923e-06,0.0012430266016258099,69834,Q8CG50,Rab43
23199,69834,4106.08524536427,-0.65422996275475,0.159698891271807,26.127898443895003,8.96704703843923e-06,0.0012430266016258099,69834,D3Z444,Rab43
23219,69882,1966.9864169661603,0.41320406107077795,0.21929434365005,34.143663040662396,1.84754766779177e-07,5.12220107465082e-05,69882,Q8R3P6,Ints14
23220,69882,1966.9864169661603,0.41320406107077795,0.21929434365005,34.143663040662396,1.84754766779177e-07,5.12220107465082e-05,69882,Q8R3P6,Ints14
23400,70144,1849.4463259600197,-0.0320411316837655,0.25234804560727203,17.572779562201,0.0005387210105814089,0.0303181729010279,70144,Q8BVU0,Lrch3
23401,70144,1849.4463259600197,-0.0320411316837655,0.25234804560727203,17.572779562201,0.0005387210105814089,0.0303181729010279,70144,B7ZWM8,Lrch3
23402,70144,1849.4463259600197,-0.0320411316837655,0.25234804560727203,17.572779562201,0.0005387210105814089,0.0303181729010279,70144,B2RXP1,Lrch3
23403,70144,1849.4463259600197,-0.0320411316837655,0.25234804560727203,17.572779562201,0.0005387210105814089,0.0303181729010279,70144,Q8BVU0,Lrch3
23404,70144,1849.4463259600197,-0.0320411316837655,0.25234804560727203,17.572779562201,0.0005387210105814089,0.0303181729010279,70144,B7ZWM8,Lrch3
23405,70144,1849.4463259600197,-0.0320411316837655,0.25234804560727203,17.572779562201,0.0005387210105814089,0.0303181729010279,70144,B2RXP1,Lrch3
23406,70144,1849.4463259600197,-0.0320411316837655,0.25234804560727203,17.572779562201,0.0005387210105814089,0.0303181729010279,70144,Q8BVU0,Lrch3
23407,70144,1849.4463259600197,-0.0320411316837655,0.25234804560727203,17.572779562201,0.0005387210105814089,0.0303181729010279,70144,B7ZWM8,Lrch3
23408,70144,1849.4463259600197,-0.0320411316837655,0.25234804560727203,17.572779562201,0.0005387210105814089,0.0303181729010279,70144,B2RXP1,Lrch3
23409,70144,1849.4463259600197,-0.0320411316837655,0.25234804560727203,17.572779562201,0.0005387210105814089,0.0303181729010279,70144,Q8BVU0,Lrch3
23410,70144,1849.4463259600197,-0.0320411316837655,0.25234804560727203,17.572779562201,0.0005387210105814089,0.0303181729010279,70144,B7ZWM8,Lrch3
23411,70144,1849.4463259600197,-0.0320411316837655,0.25234804560727203,17.572779562201,0.0005387210105814089,0.0303181729010279,70144,B2RXP1,Lrch3
23740,70661,1578.7740262132002,0.49099989491115203,0.28091282937080203,17.0486591187955,0.0006906421453838219,0.0365185934399342,70661,,Sik3
23748,70683,1761.9054710299201,-1.47602842066311,0.3480769535508729,21.825244690921803,7.092682573988571e-05,0.007085744063801341,70683,,Utp20
23846,70829,2666.86470915752,-0.05171320635681201,0.265124958949084,16.9506113918771,0.000723465406400358,0.0375340893091581,70829,Q7TQK5,Ccdc93
23847,70829,2666.86470915752,-0.05171320635681201,0.265124958949084,16.9506113918771,0.000723465406400358,0.0375340893091581,70829,Q7TQK5,Ccdc93
24110,71306,247.685049573507,0.733220957205116,0.9569896942613241,36.6881589615651,5.3562158109054404e-08,1.71700193088337e-05,71306,Q9D3X9,Mfap3l
24111,71306,247.685049573507,0.733220957205116,0.9569896942613241,36.6881589615651,5.3562158109054404e-08,1.71700193088337e-05,71306,Q9D3X9,Mfap3l
24112,71306,247.685049573507,0.733220957205116,0.9569896942613241,36.6881589615651,5.3562158109054404e-08,1.71700193088337e-05,71306,Q9D3X9,Mfap3l
24113,71306,247.685049573507,0.733220957205116,0.9569896942613241,36.6881589615651,5.3562158109054404e-08,1.71700193088337e-05,71306,Q9D3X9,Mfap3l
24207,71520,2464.65910148406,-0.238004793908052,0.28321595994376,33.7889240712684,2.1952369095875698e-07,5.77403595347417e-05,71520,Q9CX99,Grap
24214,71538,841.42884854528,0.45666863964229903,0.37670531467371704,18.7437407687596,0.000308862845095763,0.0207079416012571,71538,Q8BK06,Fbxo9
24215,71538,841.42884854528,0.45666863964229903,0.37670531467371704,18.7437407687596,0.000308862845095763,0.0207079416012571,71538,Q8BK06,Fbxo9
24330,71726,458.298604965651,0.5339183366309439,0.843112432906802,33.4710780598136,2.56189197535384e-07,6.569971970794929e-05,71726,Q6P5C5,Smug1
24591,71966,1509.42457540142,-0.26180504076595196,0.260803620135096,22.307687890454396,5.62880319803641e-05,0.00607792244267974,71966,Q9CR56,Nkiras2
24793,72175,348.621169406682,0.0927577474417652,0.859247394166293,38.19667612071579,2.56805174571648e-08,8.497766066954711e-06,72175,Q8BH31,Mfsd8
24809,72198,3135.53359543681,0.549356309979079,0.22534398072272,31.7181417772263,6.00044710914075e-07,0.00013196976901685902,72198,Q9CZU3,Skiv2l2
24982,72477,1603.4528126753698,1.0003240886995302,0.2737753502253,17.0056274821942,0.000704861471023552,0.0368901478048959,72477,Q8BKU8,Tmem87b
25030,72567,2285.14466109968,-0.550372974510271,0.256942537910736,18.6395352082334,0.00032456035438442203,0.0214796136469381,72567,Q8K019,Bclaf1
25031,72567,2285.14466109968,-0.550372974510271,0.256942537910736,18.6395352082334,0.00032456035438442203,0.0214796136469381,72567,Q8K019,Bclaf1
25032,72567,2285.14466109968,-0.550372974510271,0.256942537910736,18.6395352082334,0.00032456035438442203,0.0214796136469381,72567,Q8K019,Bclaf1
25105,72720,182.122525620582,9.29351831761619,1.9814845889285002,21.625900624137802,7.8031000947699e-05,0.007551339695485809,72720,Q640N4,Zfp248
25106,72720,182.122525620582,9.29351831761619,1.9814845889285002,21.625900624137802,7.8031000947699e-05,0.007551339695485809,72720,Q9CZ86,Zfp248
25568,73826,5027.57522274856,0.47465247185944603,0.187907597804728,17.8913494988284,0.00046313674289422,0.0277827877696427,73826,Q8BG81,Poldip3
25569,73826,5027.57522274856,0.47465247185944603,0.187907597804728,17.8913494988284,0.00046313674289422,0.0277827877696427,73826,Q3UDD3,Poldip3
25630,73998,54.2720172964289,9.204064425618132,2.51874211952104,16.9356587174895,0.000728605507801682,0.0375340893091581,73998,G5E876,Herc3
25631,73998,54.2720172964289,9.204064425618132,2.51874211952104,16.9356587174895,0.000728605507801682,0.0375340893091581,73998,A6H6S0,Herc3
25651,74019,139.160292452587,3.59872054968232,1.2216780874314999,20.636955011348,0.000125226852732928,0.0105458671580353,74019,Q149C2,Traf3ip1
25827,74153,2283.8376452767498,-0.570380426377264,0.348824546823792,30.070563319450496,1.33368593327361e-06,0.000253350931546679,74153,Q9DBK7,Uba7
25887,74192,2116.71263438285,0.49294447083733794,0.199147294934181,17.657629636565698,0.000517466954208135,0.029821213574534003,74192,Q9D898,Arpc5l
25970,74257,129.91225914727102,1.6746040424612099,1.7150602904947,16.705840949995597,0.00081232885558135,0.0387575320955976,74257,Q3TAQ3,Tspan17
25971,74257,129.91225914727102,1.6746040424612099,1.7150602904947,16.705840949995597,0.00081232885558135,0.0387575320955976,74257,Q3TLW9,Tspan17
26051,74360,545.138432112414,1.11298277513681,0.46727745190591496,16.9309871577093,0.0007302188214307941,0.0375340893091581,74360,Q8CEE0,Cep57
26052,74360,545.138432112414,1.11298277513681,0.46727745190591496,16.9309871577093,0.0007302188214307941,0.0375340893091581,74360,Q8CEE0,Cep57
26191,74533,791.891875498371,-0.5986091576291079,0.414750372426946,21.853313136528396,6.99796912633496e-05,0.007085744063801341,74533,Q4VBD9,Gzf1
26249,74682,277.484789271478,0.275132774411875,1.0219207250705602,44.4811264199606,1.1926907591815102e-09,4.70562377218614e-07,74682,Q8BND3,Wdr35
26250,74682,277.484789271478,0.275132774411875,1.0219207250705602,44.4811264199606,1.1926907591815102e-09,4.70562377218614e-07,74682,Q8BND3,Wdr35
26736,75767,2213.53167486549,-0.554065514045452,0.27567898289846504,21.8187569518749,7.11475568894071e-05,0.007085744063801341,75767,Q9D620,Rab11fip1
26737,75767,2213.53167486549,-0.554065514045452,0.27567898289846504,21.8187569518749,7.11475568894071e-05,0.007085744063801341,75767,Q9D620,Rab11fip1
27102,76577,1824.7523984104,-0.686205085150305,0.37624002300627396,17.784651286085104,0.00048719772172146604,0.0286917517361257,76577,Q3TDN2,Faf2
27309,76933,1235.45653847124,-0.20753294049971302,0.401688912646733,26.786078310760104,6.52771956948785e-06,0.0009719889597960631,76933,Q8R412,Ifi27l2a
27533,77626,367.266399562173,3.13697149029657,0.8521590122441091,19.6286063347054,0.00020264062277269498,0.0148477679171593,77626,Q6ZPR5,Smpd4
27534,77626,367.266399562173,3.13697149029657,0.8521590122441091,19.6286063347054,0.00020264062277269498,0.0148477679171593,77626,Q6ZPR5,Smpd4
27535,77626,367.266399562173,3.13697149029657,0.8521590122441091,19.6286063347054,0.00020264062277269498,0.0148477679171593,77626,Q6ZPR5,Smpd4
27536,77626,367.266399562173,3.13697149029657,0.8521590122441091,19.6286063347054,0.00020264062277269498,0.0148477679171593,77626,Q6ZPR5,Smpd4
27885,78781,3774.0950271174897,-0.44938286086046597,0.258846144213791,26.6989846986663,6.80791586852842e-06,0.00099765144256235,78781,G3X9X5,Zc3hav1
27886,78781,3774.0950271174897,-0.44938286086046597,0.258846144213791,26.6989846986663,6.80791586852842e-06,0.00099765144256235,78781,Q3UPF5,Zc3hav1
27887,78781,3774.0950271174897,-0.44938286086046597,0.258846144213791,26.6989846986663,6.80791586852842e-06,0.00099765144256235,78781,G3X9X5,Zc3hav1
27888,78781,3774.0950271174897,-0.44938286086046597,0.258846144213791,26.6989846986663,6.80791586852842e-06,0.00099765144256235,78781,Q3UPF5,Zc3hav1
27936,78825,1864.5098571064898,0.208342131643327,0.34678692405318795,16.349677778227697,0.0009613373138055119,0.0438284362889642,78825,Q9D291,Desi2
27937,78825,1864.5098571064898,0.208342131643327,0.34678692405318795,16.349677778227697,0.0009613373138055119,0.0438284362889642,78825,Q8C5I4,Desi2
27938,78825,1864.5098571064898,0.208342131643327,0.34678692405318795,16.349677778227697,0.0009613373138055119,0.0438284362889642,78825,Q8BIB9,Desi2
27966,78894,1940.05512057939,-0.21561856463870702,0.235527912976112,17.9351240260054,0.000453610617431145,0.0274631688958995,78894,Q9D2R0,Aacs
28072,80283,320.640990726138,1.48728043565413,1.4055235639800803,16.917885595930098,0.000734762381355878,0.0375340893091581,80283,A0A0N4SVK7,Abtb1
28073,80283,320.640990726138,1.48728043565413,1.4055235639800803,16.917885595930098,0.000734762381355878,0.0375340893091581,80283,A0A0N4SUP1,Abtb1
28645,93692,5669.54347549378,-0.0488268502009242,0.249361429852455,29.352439904563305,1.8882758168922799e-06,0.000339823391748789,93692,Q9QUH0,Glrx
28646,93692,5669.54347549378,-0.0488268502009242,0.249361429852455,29.352439904563305,1.8882758168922799e-06,0.000339823391748789,93692,Q3U6L3,Glrx
28662,93706,71.5165805708589,8.79727726158006,1.9808256633665202,21.6784057896704,7.60938270577191e-05,0.007434004551981741,93706,Q91XX1,Pcdhgc3
28726,93747,1027.8461978116302,1.01124420423628,0.290116294184296,21.296578731423,9.135249196313629e-05,0.00867679502368381,93747,Q8BH95,Echs1
29067,98732,3952.89538689928,-0.5153111390934421,0.256877228567627,20.412252910203396,0.000139417397451873,0.0109299393610443,98732,,Rab3gap2
29162,99683,1001.9456982532499,-0.252826652542837,0.48377123281877704,17.5643935651414,0.00054086816542095,0.0303181729010279,99683,Q80ZX0,Sec24b
29377,101706,101.932249847878,4.55468263946058,2.29194529550759,16.5989777759173,0.000854449712307257,0.0402061704075589,101706,E9Q7G0,Numa1
29416,102193,1541.1163095662303,0.0858708514978722,0.30005111792408196,21.6909673828936,7.56375147847577e-05,0.007434004551981741,102193,Q91WU6,Zdhhc7
29520,103172,2453.05731138096,-0.27638339855410304,0.25683741714255,30.7445056994309,9.62127711316262e-07,0.000193766596643931,103172,Q7TNL9,Chchd10
29521,103199,1203.66206590089,0.580207537794215,0.335388802980677,17.1147433657095,0.000669358468757447,0.0358277313373873,103199,Q91WF7,Fig4
29578,103784,2385.1576105302397,-0.0401007823511758,0.300220602687677,22.5934207323802,4.9081215038727005e-05,0.00541371079427163,103784,Q8BGF3,Wdr92
29721,104759,965.416672486135,-1.58188726801475,0.46091609572127507,20.8116360216702,0.00011519695634578,0.0101869860189225,104759,Q8BG07,Pld4
30024,107272,4943.638179932371,-0.28398856901819797,0.17844540363306302,16.6173340466228,0.000847063167647155,0.0400422763766107,107272,Q543K5,Psat1
30025,107272,4943.638179932371,-0.28398856901819797,0.17844540363306302,16.6173340466228,0.000847063167647155,0.0400422763766107,107272,Q3U6K9,Psat1
30026,107272,4943.638179932371,-0.28398856901819797,0.17844540363306302,16.6173340466228,0.000847063167647155,0.0400422763766107,107272,Q99K85,Psat1
30027,107272,4943.638179932371,-0.28398856901819797,0.17844540363306302,16.6173340466228,0.000847063167647155,0.0400422763766107,107272,Q543K5,Psat1
30028,107272,4943.638179932371,-0.28398856901819797,0.17844540363306302,16.6173340466228,0.000847063167647155,0.0400422763766107,107272,Q3U6K9,Psat1
30029,107272,4943.638179932371,-0.28398856901819797,0.17844540363306302,16.6173340466228,0.000847063167647155,0.0400422763766107,107272,Q99K85,Psat1
30082,107607,221.47743780202302,0.0378583078769984,1.07194571486866,16.2756014324174,0.000995584803291304,0.0447925829480798,107607,Q8BHB0,Nod1
30083,107607,221.47743780202302,0.0378583078769984,1.07194571486866,16.2756014324174,0.000995584803291304,0.0447925829480798,107607,Q540J8,Nod1
30084,107607,221.47743780202302,0.0378583078769984,1.07194571486866,16.2756014324174,0.000995584803291304,0.0447925829480798,107607,Q8BHB0,Nod1
30085,107607,221.47743780202302,0.0378583078769984,1.07194571486866,16.2756014324174,0.000995584803291304,0.0447925829480798,107607,Q540J8,Nod1
30354,108686,614.517970280991,0.6838258434494651,0.900486831598991,18.545037939079002,0.000339480323634965,0.0223230074349197,108686,,Ccdc88a
30375,108707,1739.9171854958,-0.701485099127652,0.248426511060787,16.054029490754,0.00110542438651093,0.0482529504545918,108707,P58468,Fam207a
30376,108707,1739.9171854958,-0.701485099127652,0.248426511060787,16.054029490754,0.00110542438651093,0.0482529504545918,108707,Q3TVF6,Fam207a
30412,108903,1682.6624628543302,-0.22828054639399104,0.40704372787462706,16.0403388572521,0.00111259294774638,0.0483600782117899,108903,Q8BYA0,Tbcd
30482,109225,765.14349490813,-0.610692743962876,0.574887636735668,18.9934066273161,0.00027425844566365896,0.0187556209041188,109225,Q99N04,Ms4a7
30483,109225,765.14349490813,-0.610692743962876,0.574887636735668,18.9934066273161,0.00027425844566365896,0.0187556209041188,109225,Q9D2W6,Ms4a7
30484,109225,765.14349490813,-0.610692743962876,0.574887636735668,18.9934066273161,0.00027425844566365896,0.0187556209041188,109225,Q99N04,Ms4a7
30485,109225,765.14349490813,-0.610692743962876,0.574887636735668,18.9934066273161,0.00027425844566365896,0.0187556209041188,109225,Q9D2W6,Ms4a7
30486,109225,765.14349490813,-0.610692743962876,0.574887636735668,18.9934066273161,0.00027425844566365896,0.0187556209041188,109225,Q99N04,Ms4a7
30487,109225,765.14349490813,-0.610692743962876,0.574887636735668,18.9934066273161,0.00027425844566365896,0.0187556209041188,109225,Q9D2W6,Ms4a7
30530,109333,2080.06570296447,-0.18277885403773603,0.21910574437128,19.419821198219896,0.000223845889464152,0.0161705009445301,109333,Q8BWW9,Pkn2
30574,109674,1861.45175853315,-0.703419644276118,0.265268007694222,19.305661415838397,0.000236359812416175,0.01683735385948,109674,Q9DBT5,Ampd2
30575,109674,1861.45175853315,-0.703419644276118,0.265268007694222,19.305661415838397,0.000236359812416175,0.01683735385948,109674,A2AE27,Ampd2
30576,109674,1861.45175853315,-0.703419644276118,0.265268007694222,19.305661415838397,0.000236359812416175,0.01683735385948,109674,Q9DBT5,Ampd2
30577,109674,1861.45175853315,-0.703419644276118,0.265268007694222,19.305661415838397,0.000236359812416175,0.01683735385948,109674,A2AE27,Ampd2
30578,109674,1861.45175853315,-0.703419644276118,0.265268007694222,19.305661415838397,0.000236359812416175,0.01683735385948,109674,Q9DBT5,Ampd2
30579,109674,1861.45175853315,-0.703419644276118,0.265268007694222,19.305661415838397,0.000236359812416175,0.01683735385948,109674,A2AE27,Ampd2
31298,170441,395.79548918832296,-1.6205601953325,0.666974241140901,16.7707333882225,0.0007877646063959231,0.0383842543203535,170441,Q8VHD6,Slc2a10
31299,170441,395.79548918832296,-1.6205601953325,0.666974241140901,16.7707333882225,0.0007877646063959231,0.0383842543203535,170441,A2A4V1,Slc2a10
31423,170759,4387.8377500672605,-0.57876150686117,0.17314503670799603,17.1063876748039,0.000672013152546463,0.0358277313373873,170759,Q9EPE9,Atp13a1
31719,192176,14197.0562247998,-0.458228619616516,0.138184237065045,26.782804059753698,6.53804233046679e-06,0.0009719889597960631,192176,Q8BTM8,Flna
31720,192176,14197.0562247998,-0.458228619616516,0.138184237065045,26.782804059753698,6.53804233046679e-06,0.0009719889597960631,192176,B7FAV1,Flna
31721,192176,14197.0562247998,-0.458228619616516,0.138184237065045,26.782804059753698,6.53804233046679e-06,0.0009719889597960631,192176,J3JS91,Flna
31722,192176,14197.0562247998,-0.458228619616516,0.138184237065045,26.782804059753698,6.53804233046679e-06,0.0009719889597960631,192176,B7FAU9,Flna
31723,192176,14197.0562247998,-0.458228619616516,0.138184237065045,26.782804059753698,6.53804233046679e-06,0.0009719889597960631,192176,Q8BTM8,Flna
31724,192176,14197.0562247998,-0.458228619616516,0.138184237065045,26.782804059753698,6.53804233046679e-06,0.0009719889597960631,192176,B7FAV1,Flna
31725,192176,14197.0562247998,-0.458228619616516,0.138184237065045,26.782804059753698,6.53804233046679e-06,0.0009719889597960631,192176,J3JS91,Flna
31726,192176,14197.0562247998,-0.458228619616516,0.138184237065045,26.782804059753698,6.53804233046679e-06,0.0009719889597960631,192176,B7FAU9,Flna
31770,192287,582.756832267333,0.300183760580467,0.663605360918057,16.831594433978,0.000765397619917105,0.0383344492470406,192287,Q8BZJ4,Slc25a36
31771,192287,582.756832267333,0.300183760580467,0.663605360918057,16.831594433978,0.000765397619917105,0.0383344492470406,192287,Q922G0,Slc25a36
31807,193116,2885.305718089,-0.28807390090349,0.233928740635304,16.8582338485657,0.000755807029776367,0.0383344492470406,193116,Q8BHJ9,Slu7
31808,193116,2885.305718089,-0.28807390090349,0.233928740635304,16.8582338485657,0.000755807029776367,0.0383344492470406,193116,Q8BHJ9,Slu7
32171,209200,1016.1479426986801,0.40709673308968897,0.5092021109668271,17.8358809778153,0.00047549390899861906,0.028358235572720002,209200,Q3UIR3,Dtx3l
32442,211499,1641.14889087026,0.359567394397562,0.258680108393835,27.8029926791848,3.99481042013114e-06,0.000706530436029401,211499,,Tmem87a
32443,211499,1641.14889087026,0.359567394397562,0.258680108393835,27.8029926791848,3.99481042013114e-06,0.000706530436029401,211499,,Tmem87a
32444,211499,1641.14889087026,0.359567394397562,0.258680108393835,27.8029926791848,3.99481042013114e-06,0.000706530436029401,211499,,Tmem87a
32480,211798,261.479578300365,-1.3038760570076,1.42991446822965,25.3398458173197,1.3109544514154599e-05,0.0017464637354051699,211798,Q8C0T7,Mfsd9
32521,212167,637.345970293043,-1.26100134829002,0.5225343280216189,42.8601793928815,2.63510079495445e-09,9.65387998380098e-07,212167,Q3TCV3,Gsap
32638,213054,263.451804254506,0.851993336248804,1.0264566357979201,26.836304867283896,6.37139192166571e-06,0.0009719889597960631,213054,P81069,Gabpb2
32639,213054,263.451804254506,0.851993336248804,1.0264566357979201,26.836304867283896,6.37139192166571e-06,0.0009719889597960631,213054,Q8C2T8,Gabpb2
32640,213054,263.451804254506,0.851993336248804,1.0264566357979201,26.836304867283896,6.37139192166571e-06,0.0009719889597960631,213054,P81069,Gabpb2
32641,213054,263.451804254506,0.851993336248804,1.0264566357979201,26.836304867283896,6.37139192166571e-06,0.0009719889597960631,213054,Q8C2T8,Gabpb2
32802,214444,795.18370692842,0.16812781263665502,0.45485654118738106,22.333916805887604,5.55847208653657e-05,0.00606583049613747,214444,Q8K389,Cdk5rap2
32803,214444,795.18370692842,0.16812781263665502,0.45485654118738106,22.333916805887604,5.55847208653657e-05,0.00606583049613747,214444,Q8K389,Cdk5rap2
33436,217695,939.9072985192371,0.455156302891429,0.32146203325335604,18.6884563259005,0.000317094436659727,0.0211217839691914,217695,Q810J8,Zfyve1
33453,217721,263.59397661186296,-1.26977647199598,1.56412016670914,19.7077749634815,0.00019513343192052601,0.0144005665082069,217721,A0A0R4J0E9,Flvcr2
33609,218734,174.495741481038,-0.509382550151968,0.8862185845447941,20.2486762403116,0.000150744260016531,0.0115886352056694,218734,,3830406C13Rik
33610,218734,174.495741481038,-0.509382550151968,0.8862185845447941,20.2486762403116,0.000150744260016531,0.0115886352056694,218734,,3830406C13Rik
33611,218734,174.495741481038,-0.509382550151968,0.8862185845447941,20.2486762403116,0.000150744260016531,0.0115886352056694,218734,,3830406C13Rik
33612,218734,174.495741481038,-0.509382550151968,0.8862185845447941,20.2486762403116,0.000150744260016531,0.0115886352056694,218734,,3830406C13Rik
33613,218734,174.495741481038,-0.509382550151968,0.8862185845447941,20.2486762403116,0.000150744260016531,0.0115886352056694,218734,,3830406C13Rik
33614,218734,174.495741481038,-0.509382550151968,0.8862185845447941,20.2486762403116,0.000150744260016531,0.0115886352056694,218734,,3830406C13Rik
33615,218734,174.495741481038,-0.509382550151968,0.8862185845447941,20.2486762403116,0.000150744260016531,0.0115886352056694,218734,,3830406C13Rik
33648,218989,151.200671315729,-4.11913271132041,1.54642039844841,16.500337056289503,0.0008952522234347641,0.0415542864615105,218989,Q8BMD6,Tmem260
33649,218989,151.200671315729,-4.11913271132041,1.54642039844841,16.500337056289503,0.0008952522234347641,0.0415542864615105,218989,Q8BMD6,Tmem260
33671,219132,3999.5362166565706,-0.0398138856733951,0.32326398449932897,26.223611284380603,8.56258744103517e-06,0.001203219479043,219132,A6H5X4,Phf11d
33802,223922,1262.8861212658098,-0.374209372886734,0.29031123532439,21.4537918103159,8.473196928743029e-05,0.00812318262570524,223922,Q8R0S1,Atf7
33803,223922,1262.8861212658098,-0.374209372886734,0.29031123532439,21.4537918103159,8.473196928743029e-05,0.00812318262570524,223922,Q3U2X8,Atf7
33804,223922,1262.8861212658098,-0.374209372886734,0.29031123532439,21.4537918103159,8.473196928743029e-05,0.00812318262570524,223922,Q7TNN1,Atf7
33805,223922,1262.8861212658098,-0.374209372886734,0.29031123532439,21.4537918103159,8.473196928743029e-05,0.00812318262570524,223922,Q3TZR9,Atf7
33806,223922,1262.8861212658098,-0.374209372886734,0.29031123532439,21.4537918103159,8.473196928743029e-05,0.00812318262570524,223922,Q8R0S1,Atf7
33807,223922,1262.8861212658098,-0.374209372886734,0.29031123532439,21.4537918103159,8.473196928743029e-05,0.00812318262570524,223922,Q3U2X8,Atf7
33808,223922,1262.8861212658098,-0.374209372886734,0.29031123532439,21.4537918103159,8.473196928743029e-05,0.00812318262570524,223922,Q7TNN1,Atf7
33809,223922,1262.8861212658098,-0.374209372886734,0.29031123532439,21.4537918103159,8.473196928743029e-05,0.00812318262570524,223922,Q3TZR9,Atf7
33810,223922,1262.8861212658098,-0.374209372886734,0.29031123532439,21.4537918103159,8.473196928743029e-05,0.00812318262570524,223922,Q8R0S1,Atf7
33811,223922,1262.8861212658098,-0.374209372886734,0.29031123532439,21.4537918103159,8.473196928743029e-05,0.00812318262570524,223922,Q3U2X8,Atf7
33812,223922,1262.8861212658098,-0.374209372886734,0.29031123532439,21.4537918103159,8.473196928743029e-05,0.00812318262570524,223922,Q7TNN1,Atf7
33813,223922,1262.8861212658098,-0.374209372886734,0.29031123532439,21.4537918103159,8.473196928743029e-05,0.00812318262570524,223922,Q3TZR9,Atf7
34000,225055,720.779899278849,1.40451742139494,0.421846167504351,18.869738226287197,0.00029088817265624,0.0197611316232299,225055,Q7TPD1,Fbxo11
34280,226695,188.42596467080298,-0.156481714752253,1.14282956318299,24.172816986856,2.2988346070308702e-05,0.00287578602425886,226695,Q8CGE8,Ifi205
34856,229675,326.492575618425,0.22179791008728303,0.836346181161871,30.7418754912884,9.63355081774272e-07,0.000193766596643931,229675,Q80T69,Rsbn1
35001,230673,1648.68696845121,-0.34925614647949205,0.262782144280691,22.632881430789197,4.8161023116737605e-05,0.00536995407751624,230673,Q8K0C1,Ipo13
35634,233274,567.5119126232511,-0.0933467335812998,0.514821346647535,25.9187414140621,9.91842732245994e-06,0.00135657636631725,233274,B7ZMQ5,Siglech
35635,233274,567.5119126232511,-0.0933467335812998,0.514821346647535,25.9187414140621,9.91842732245994e-06,0.00135657636631725,233274,Q4QQK7,Siglech
35636,233274,567.5119126232511,-0.0933467335812998,0.514821346647535,25.9187414140621,9.91842732245994e-06,0.00135657636631725,233274,B7ZMQ6,Siglech
35637,233274,567.5119126232511,-0.0933467335812998,0.514821346647535,25.9187414140621,9.91842732245994e-06,0.00135657636631725,233274,G3X9N0,Siglech
35638,233274,567.5119126232511,-0.0933467335812998,0.514821346647535,25.9187414140621,9.91842732245994e-06,0.00135657636631725,233274,B7ZMQ5,Siglech
35639,233274,567.5119126232511,-0.0933467335812998,0.514821346647535,25.9187414140621,9.91842732245994e-06,0.00135657636631725,233274,Q4QQK7,Siglech
35640,233274,567.5119126232511,-0.0933467335812998,0.514821346647535,25.9187414140621,9.91842732245994e-06,0.00135657636631725,233274,B7ZMQ6,Siglech
35641,233274,567.5119126232511,-0.0933467335812998,0.514821346647535,25.9187414140621,9.91842732245994e-06,0.00135657636631725,233274,G3X9N0,Siglech
35642,233274,567.5119126232511,-0.0933467335812998,0.514821346647535,25.9187414140621,9.91842732245994e-06,0.00135657636631725,233274,B7ZMQ5,Siglech
35643,233274,567.5119126232511,-0.0933467335812998,0.514821346647535,25.9187414140621,9.91842732245994e-06,0.00135657636631725,233274,Q4QQK7,Siglech
35644,233274,567.5119126232511,-0.0933467335812998,0.514821346647535,25.9187414140621,9.91842732245994e-06,0.00135657636631725,233274,B7ZMQ6,Siglech
35645,233274,567.5119126232511,-0.0933467335812998,0.514821346647535,25.9187414140621,9.91842732245994e-06,0.00135657636631725,233274,G3X9N0,Siglech
35711,233789,1864.0903522344502,1.3893402883816999,0.41491271331664703,17.2262640306095,0.000634909284105374,0.0347452784604169,233789,Q8BKX6,Smg1
35756,233905,385.201044716914,-0.916327339668774,1.2985894659538602,21.967766224120197,6.62462905707484e-05,0.00679554448674737,233905,Q6NV66,Zfp646
35771,233979,1483.4272123723401,-0.0387420016293627,0.307177919880449,20.4974184756213,0.000133859756472003,0.0108120738731481,233979,Q8BWC0,Tpcn2
35854,234549,1802.1903213242101,0.42260250291750395,0.296606840371902,24.0783644596373,2.40564022761931e-05,0.0029731394523998603,234549,Q8BQM4,Heatr3
36120,236312,1531.6232353454502,-0.00145948996579659,0.362549039552436,31.1303375295143,7.979918563909779e-07,0.000170537509642889,236312,Q8BV49,Ifi209
36123,236451,432.09460513953104,-0.7597159873168209,0.7030011770986789,16.5298029972068,0.000882865052328758,0.0411655895763109,236451,B4XVQ1,Phf11b
36129,236539,6876.70527607585,-0.48820363034847797,0.138101247348199,17.5895845810707,0.000534443717053127,0.0302890809366352,236539,Q61753,Phgdh
36132,236573,438.581029610625,0.7957878034446322,0.7685991632929251,51.290868247946605,4.24152532885761e-11,2.0718841344486398e-08,236573,Q8BTS3,Gbp9
36315,238161,148.85031460825502,-5.199531798076481,1.7098855450995,15.9699469892272,0.00115018614253442,0.04978316223678501,238161,Q6PGB9,Akap6
36418,239217,3310.0461833375,-0.253127570359803,0.2782976028646911,27.437253920699,4.76681640790495e-06,0.000814966711871483,239217,,Kctd12
36538,240120,144.308170101906,10.8580544021103,2.03742693809484,17.7748163385185,0.000489477145040163,0.0286917517361257,240120,Q8K0G9,Zfp119b
36539,240120,144.308170101906,10.8580544021103,2.03742693809484,17.7748163385185,0.000489477145040163,0.0286917517361257,240120,Q8K0G9,Zfp119b
36817,242341,1389.96818340275,1.0206873617902399,0.32691840853843895,24.3452730137301,2.1158713765277104e-05,0.0026795813062248396,242341,Q80SY3,Atp6v0d2
36936,243272,1182.21173126655,-0.227346386290626,0.35667962993811897,35.9273892916896,7.75780842428955e-08,2.27370282332463e-05,243272,B2RRI2,Sbno1
36937,243272,1182.21173126655,-0.227346386290626,0.35667962993811897,35.9273892916896,7.75780842428955e-08,2.27370282332463e-05,243272,Q3TMM7,Sbno1
37000,243771,2103.91261998117,-0.08992298058588599,0.37363997142569294,22.1422686654987,6.0932504529427506e-05,0.00644946721264487,243771,Q8BZ20,Parp12
37031,243910,186.184080109352,-0.364294392598848,1.4268766445789,17.9441448101657,0.00045167187837156505,0.0274631688958995,243910,Q2TB02,Nfkbid
38718,269181,517.916674026026,0.46854147156262604,1.0207502529358299,31.7023558999438,6.04657744569348e-07,0.00013196976901685902,269181,Q812G0,Mgat4a
38719,269181,517.916674026026,0.46854147156262604,1.0207502529358299,31.7023558999438,6.04657744569348e-07,0.00013196976901685902,269181,Q812G0,Mgat4a
38813,269682,2986.3938765852004,0.324475446428896,0.295922119534323,17.660828100382,0.000516682288650175,0.029821213574534003,269682,,Golga3
38881,270084,202.290871540751,1.9426764029355001,1.7741806034148502,16.4029128772,0.000937450412119085,0.0431227189574779,270084,Q8BYI6,Lpcat2
39019,276950,1589.70668802822,-0.0437805554400464,0.381202302982884,16.1677735129484,0.0010476132117408401,0.0465212827966992,276950,,Slfn8
39020,276950,1589.70668802822,-0.0437805554400464,0.381202302982884,16.1677735129484,0.0010476132117408401,0.0465212827966992,276950,,Slfn8
39517,320148,1721.36331837667,-0.16130163127786598,0.443976674608536,16.2882734562029,0.000989641444793891,0.0447925829480798,320148,Q6QX36,B430306N03Rik
39518,320148,1721.36331837667,-0.16130163127786598,0.443976674608536,16.2882734562029,0.000989641444793891,0.0447925829480798,320148,A6XA72,B430306N03Rik
40080,330122,9123.704687588259,0.201114851331265,0.213921064133577,81.6478938047615,1.3599481721959001e-17,1.55003870559839e-14,330122,Q6W5C0,Cxcl3
40499,380732,1061.74513638144,-0.0828361588904225,0.309490408744922,25.883026903351897,1.00906585306441e-05,0.00136197335799141,380732,B7ZP19,Milr1
40500,380732,1061.74513638144,-0.0828361588904225,0.309490408744922,25.883026903351897,1.00906585306441e-05,0.00136197335799141,380732,Q3TB92,Milr1
40501,380732,1061.74513638144,-0.0828361588904225,0.309490408744922,25.883026903351897,1.00906585306441e-05,0.00136197335799141,380732,B7ZP19,Milr1
40502,380732,1061.74513638144,-0.0828361588904225,0.309490408744922,25.883026903351897,1.00906585306441e-05,0.00136197335799141,380732,Q3TB92,Milr1
40503,380732,1061.74513638144,-0.0828361588904225,0.309490408744922,25.883026903351897,1.00906585306441e-05,0.00136197335799141,380732,B7ZP19,Milr1
40504,380732,1061.74513638144,-0.0828361588904225,0.309490408744922,25.883026903351897,1.00906585306441e-05,0.00136197335799141,380732,Q3TB92,Milr1
40505,380732,1061.74513638144,-0.0828361588904225,0.309490408744922,25.883026903351897,1.00906585306441e-05,0.00136197335799141,380732,B7ZP19,Milr1
40506,380732,1061.74513638144,-0.0828361588904225,0.309490408744922,25.883026903351897,1.00906585306441e-05,0.00136197335799141,380732,Q3TB92,Milr1
40507,380732,1061.74513638144,-0.0828361588904225,0.309490408744922,25.883026903351897,1.00906585306441e-05,0.00136197335799141,380732,B7ZP19,Milr1
40508,380732,1061.74513638144,-0.0828361588904225,0.309490408744922,25.883026903351897,1.00906585306441e-05,0.00136197335799141,380732,Q3TB92,Milr1
40723,381678,178.168412447772,3.1517896874290496,1.5549076176191698,23.6522366100091,2.9524045817756104e-05,0.0035630313176299,381678,Q6IR42,Zcwpw1
40782,381990,1196.27655683732,-0.8816399883021689,0.49438466903037104,16.7659824722679,0.000789537693662955,0.0383842543203535,381990,Q3V3W4,Zbtb2
41124,407823,201.82954039487998,0.0925778238407795,1.6652315735613399,18.2745777998208,0.000386059620137341,0.0244456764405484,407823,,Baz2b
41642,547253,1534.25782720794,-0.9153582374865771,0.38844458599984294,24.714029969029003,1.77190683817393e-05,0.00227202754324853,547253,Q2EMV9,Parp14
41834,626578,276.580113539174,-0.320354827255949,1.28108936424647,16.2031803622199,0.00103023786872201,0.0461492578923596,626578,Q000W5,Gbp10
42170,667370,1536.4864316343399,-0.34446950754779493,0.5095596979983471,35.994939534407,7.506847735708609e-08,2.26486011979115e-05,667370,,Ifit3b
42822,100529082,2324.42514522908,0.176565376507173,0.665504150834201,16.1377138613362,0.0010625927007958198,0.0469830858826015,100529082,A7VMS2,Gm11127
